Requirement,Actor,Goal,Rationale,FR_NFR,Subtype
"As a user, I want to register for a new account using my email and a password.",User,Register for a new account,To gain access to the system's features.,FR,
The system shall allow users to log in with their registered credentials.,User,Log in to the system,To access personalized content and functionality.,FR,
The system must allow administrators to view a list of all registered users.,Administrator,View all registered users,To manage user accounts and system access.,FR,
"As a user, I want to be able to reset my password if I forget it.",User,Reset a forgotten password,To regain access to my account without needing admin intervention.,FR,
The system shall allow users to create a new data entry.,User,Create a new data entry,To store new information within the application.,FR,
The system must provide a function for users to edit their existing data entries.,User,Edit existing data entries,To correct or update stored information.,FR,
The system shall allow users to delete their own data entries.,User,Delete their own data entries,To remove obsolete or incorrect information.,FR,
"As a content manager, I want to be able to publish articles to the public website.",Content Manager,Publish articles,To share information with the site's audience.,FR,
The system must allow users to search for items by name.,User,Search for items by name,To quickly find specific items without browsing.,FR,
The system shall generate a monthly sales report for the management team.,System,Generate a monthly sales report,To provide insights into business performance.,FR,
"As a user, I want to be able to upload a profile picture.",User,Upload a profile picture,To personalize my user profile.,FR,
The system shall allow users to add items to a shopping cart.,User,Add items to a shopping cart,To collect items they intend to purchase.,FR,
The system must process credit card payments for items in the shopping cart.,System,Process credit card payments,To complete the user's purchase transaction.,FR,
"As a user, I want to receive an email confirmation after placing an order.",User,Receive an order confirmation email,To have a record of my purchase and its details.,FR,
The system shall allow administrators to create new user roles with specific permissions.,Administrator,Create new user roles,To implement role-based access control.,FR,
The system must allow users to sort a list of items by price.,User,Sort items by price,To easily compare items based on cost.,FR,
"As a user, I want to be able to filter search results by category.",User,Filter search results by category,To narrow down search results and find relevant items faster.,FR,
The system shall provide an interface for users to submit feedback.,User,Submit feedback,To report issues or suggest improvements.,FR,
The system must log all user login attempts.,System,Log all login attempts,To track access for security and auditing purposes.,FR,
"As an administrator, I want to be able to ban a user from the system.",Administrator,Ban a user,To prevent malicious or inappropriate behavior.,FR,
The system shall allow users to view their order history.,User,View order history,To track past purchases and their statuses.,FR,
The system must validate all user input on registration forms.,System,Validate user input on forms,To ensure data integrity and prevent errors.,FR,
"As a user, I want to save my shipping address for future orders.",User,Save shipping address,To speed up the checkout process for future purchases.,FR,
The system shall create an audit trail of all changes made to financial records.,System,Create an audit trail for financial records,To ensure compliance and traceability of financial data.,FR,
The system must allow users to export data tables to a CSV file.,User,Export data to CSV,To analyze or use the data in other applications.,FR,
"As an editor, I want to preview an article before it is published.",Editor,Preview an article,To check for formatting and content errors before it goes live.,FR,
The system shall automatically log a user out after 30 minutes of inactivity.,System,Automatically log out inactive users,To enhance security by preventing unauthorized access from an unattended session.,FR,
The system must allow users to change the email address associated with their account.,User,Change account email address,To update their contact information.,FR,
"As a user, I want to be able to subscribe to a newsletter.",User,Subscribe to a newsletter,To receive updates and promotional content via email.,FR,
The system shall display a confirmation message after a user successfully completes an action.,System,Display a success confirmation message,To provide clear feedback to the user that their action was completed.,FR,
The system must restrict access to administrative functions to users with the 'admin' role.,System,Restrict access to admin functions,To ensure that only authorized personnel can perform sensitive actions.,FR,
"As a user, I want to add multiple items to the cart at once.",User,Add multiple items to the cart,To improve the efficiency of the shopping experience.,FR,
"The system shall calculate the total cost of items in the shopping cart, including taxes.",System,Calculate total cost with taxes,To provide an accurate final price to the user before checkout.,FR,
The system must allow a user to remove an item from their shopping cart.,User,Remove an item from the cart,To allow users to change their mind before purchasing.,FR,
"As a moderator, I want to be able to approve or reject user-submitted comments.",Moderator,Approve or reject comments,To maintain the quality and appropriateness of content on the site.,FR,
The system shall store user preferences in their profile.,System,Store user preferences,To provide a customized experience on subsequent visits.,FR,
The system must support user authentication via a third-party OAuth provider like Google.,System,Support OAuth authentication,To offer a convenient and secure alternative login method.,FR,
"As a customer service agent, I want to look up a customer's order by their order number.",Customer Service Agent,Look up an order by order number,To quickly assist customers with their inquiries.,FR,
The system shall generate a unique invoice number for each completed order.,System,Generate a unique invoice number,To ensure proper tracking and accounting for all transactions.,FR,
The system must allow users to enter a discount code at checkout.,User,Enter a discount code,To apply promotional discounts to their order.,FR,
The system shall send a password reset link to the user's registered email address.,System,Send a password reset link,To securely verify the user's identity before allowing a password change.,FR,
"As a user, I want my session to be remembered when I check 'Remember Me' on login.",User,Have my session remembered,To avoid having to log in every time I visit the site.,FR,
The system must display search results in a paginated format.,System,Display paginated search results,To manage large sets of results and improve usability.,FR,
The system shall allow users to rate a product on a scale of 1 to 5 stars.,User,Rate a product,To provide feedback and help other users make decisions.,FR,
"As a developer, I need an API endpoint to retrieve user data by user ID.",Developer,Retrieve user data via API,To integrate the system with other applications.,FR,
The system must prevent users from submitting a form twice by disabling the submit button after the first click.,System,Prevent double form submission,To avoid creating duplicate records or actions.,FR,
The system shall automatically save a user's work in a draft state every 2 minutes.,System,Automatically save drafts,To prevent data loss in case of an unexpected interruption.,FR,
"As an analyst, I want the dashboard to display key performance indicators (KPIs) upon login.",Analyst,Display KPIs on the dashboard,To get a quick overview of the system's status.,FR,
The system must allow users to manage their notification preferences.,User,Manage notification preferences,To control the type and frequency of communications they receive.,FR,
The system shall provide an option to print a receipt after a successful transaction.,User,Print a transaction receipt,To obtain a physical copy of the proof of purchase.,FR,
The system shall allow users to create and manage multiple wish lists.,User,Create and manage wish lists,To organize items they want to purchase in the future for different occasions.,FR,
The system must provide an API for third-party developers to integrate with our service.,System,Provide a third-party API,To expand the platform's ecosystem and allow for external integrations.,FR,
"As a team lead, I want to be able to create a new project and assign team members to it.",Team Lead,Create a project and assign members,To initiate and organize new work within the system.,FR,
The system shall display a calendar view of all upcoming deadlines.,User,View deadlines on a calendar,To visualize their schedule and manage their time effectively.,FR,
The system must allow users to upload and attach files to their tasks.,User,Attach files to tasks,To provide context and necessary resources for completing a task.,FR,
"As a support agent, I want to be able to create a support ticket on behalf of a customer.",Support Agent,Create a support ticket for a customer,To log and track issues reported by customers via phone or email.,FR,
The system shall automatically assign a unique ID to every new support ticket.,System,Assign a unique ID to support tickets,To ensure that every issue can be uniquely identified and tracked.,FR,
The system must allow users to track the status of their submitted support tickets.,User,Track the status of my support ticket,To stay informed about the progress of their reported issue.,FR,
The system shall send an email notification to a user when their support ticket is updated.,System,Send an email notification for ticket updates,To keep the user informed without them needing to constantly check the system.,FR,
"As an administrator, I want to be able to define custom fields for our data entry forms.",Administrator,Define custom fields for forms,To capture specific information relevant to our business needs.,FR,
The system must provide a 'what you see is what you get' (WYSIWYG) editor for creating content.,Content Creator,Use a WYSIWYG editor,To easily format text and add media without needing to write HTML.,FR,
The system shall allow users to manage their email notification preferences.,User,Manage email notification preferences,To control which types of emails they receive from the system.,FR,
"As a user, I want to be able to see a list of other users who are currently online.",User,See who is online,To facilitate real-time collaboration and communication.,FR,
The system must support the ability to tag content with keywords.,Content Manager,Tag content with keywords,To improve content organization and discoverability through search.,FR,
The system shall allow users to follow other users and see their activity in a feed.,User,Follow other users,To create a social network and stay updated on the activities of colleagues or friends.,FR,
The system must provide version history for all edited documents.,User,View a document's version history,To track changes over time and revert to a previous version if needed.,FR,
"As a user, I want to be able to start a real-time chat with another user.",User,Start a real-time chat,To communicate instantly with other users on the platform.,FR,
The system shall allow users to create private and public groups for discussion.,User,Create discussion groups,To facilitate collaboration and communication around specific topics or projects.,FR,
"The system shall integrate with the user's calendar (e.g., Google Calendar, Outlook) to sync deadlines.",User,Sync deadlines with my personal calendar,To consolidate all of their important dates in one place.,FR,
"As a manager, I want to be able to approve or reject timesheets submitted by my employees.",Manager,Approve or reject timesheets,To manage payroll and track employee work hours accurately.,FR,
"The system must allow users to create recurring tasks (e.g., daily, weekly).",User,Create recurring tasks,To automate the creation of tasks that need to be done on a regular schedule.,FR,
The system shall provide a dashboard that visualizes data using charts and graphs.,User,Visualize data on a dashboard,To quickly understand trends and insights from the application's data.,FR,
"As a user, I want to receive in-app notifications for important events.",User,Receive in-app notifications,To be alerted to important updates without having to check my email.,FR,
The system must allow users to customize their personal dashboard by adding or removing widgets.,User,Customize my dashboard,To create a personalized view that shows the information most relevant to me.,FR,
The system shall support two-factor authentication (2FA) for enhanced security.,User,Enable two-factor authentication,To add an extra layer of security to my account.,FR,
"As a recruiter, I want to be able to post new job openings to the company's career page.",Recruiter,Post new job openings,To attract and inform potential candidates about available positions.,FR,
The system must allow candidates to apply for a job by uploading their resume.,Candidate,Apply for a job by uploading a resume,To simplify the job application process.,FR,
The system shall send an automated acknowledgement email to candidates after they apply for a job.,System,Send an automated acknowledgement email to candidates,To confirm that their application has been received.,FR,
The system must allow users to conduct polls and surveys.,User,Conduct polls and surveys,To gather feedback and opinions from a group of people.,FR,
"As an event organizer, I want to be able to create an event and manage RSVPs.",Event Organizer,Create an event and manage RSVPs,To organize an event and track attendance.,FR,
The system shall send reminders to attendees before an event starts.,System,Send event reminders to attendees,To reduce the number of no-shows for an event.,FR,
The system must provide an administrative interface to manage the application's settings.,Administrator,Manage application settings,To configure and customize the behavior of the system.,FR,
The system shall allow users to change the language of the user interface.,User,Change the UI language,To use the application in their preferred language.,FR,
"As a user, I want to be able to archive old projects to hide them from the main view.",User,Archive old projects,To de-clutter my workspace and focus on active projects.,FR,
The system must provide a way to bulk import data from a CSV file.,User,Bulk import data from a CSV,To efficiently add a large amount of data to the system at once.,FR,
The system shall enforce that a project must have a start date and an end date.,System,Enforce start and end dates for projects,To ensure proper project planning and scheduling.,FR,
"As a user, I want to be able to view my data on a map.",User,View data on a map,To visualize geographically-based information.,FR,
The system must allow administrators to impersonate other users for troubleshooting purposes.,Administrator,Impersonate another user,To see what a specific user is seeing and diagnose issues they are experiencing.,FR,
The system shall provide a 'dark mode' option for the user interface.,User,Enable 'dark mode',To reduce eye strain in low-light conditions.,FR,
"As a user, I want to be able to invite other people to collaborate on a project.",User,Invite collaborators to a project,To work together with team members on a shared goal.,FR,
The system must log all actions performed by administrative users.,System,Log all admin actions,To provide a clear audit trail for security and compliance.,FR,
The system shall allow users to share a direct link to a specific item or page.,User,Share a direct link,To easily direct others to a specific piece of content within the application.,FR,
"As an instructor, I want to be able to create a quiz and assign it to my students.",Instructor,Create and assign a quiz,To assess my students' knowledge and understanding of a topic.,FR,
The system must automatically grade multiple-choice questions in a quiz.,System,Automatically grade multiple-choice questions,To save the instructor time and provide immediate feedback to students.,FR,
The system shall allow students to view their quiz results after submission.,Student,View my quiz results,To see how I performed and learn from my mistakes.,FR,
"As a user, I want to be able to manage my payment methods.",User,Manage my payment methods,"To add, update, or remove credit cards for subscriptions or purchases.",FR,
The system must allow users to cancel their subscription at any time.,User,Cancel my subscription,To give users control over their recurring payments.,FR,
The system shall generate a detailed report of user activity for a given time period.,Administrator,Generate a user activity report,To monitor system usage and identify patterns of behavior.,FR,
The system must provide an option for users to delete their account and all associated data.,User,Delete my account and data,To comply with data privacy regulations like GDPR and give users control over their information.,FR,
"As a user, I want to be able to search the full text of documents, not just their titles.",User,Perform a full-text search,To find documents based on their content even if I don't know the title.,FR,
The system shall highlight search terms in the search results.,System,Highlight search terms in results,To help the user quickly see why a particular result is relevant.,FR,
"The system must provide advanced search options, such as filtering by date or author.",User,Use advanced search options,To perform more specific and targeted searches.,FR,
"As a pharmacist, I must be able to look up a patient's medication history.",Pharmacist,Look up medication history,To ensure patient safety and check for drug interactions.,FR,
The system shall allow a doctor to write and electronically sign a prescription.,Doctor,Write and sign an electronic prescription,To securely and efficiently send prescriptions to the pharmacy.,FR,
The system must validate a patient's insurance information before processing a claim.,System,Validate insurance information,To reduce claim rejections and ensure proper billing.,FR,
"As a lab technician, I want to be able to enter lab results into a patient's electronic health record (EHR).",Lab Technician,Enter lab results into the EHR,To make test results available to the patient's care team.,FR,
The system must alert a physician to a critical lab value.,System,Alert physicians to critical lab values,To ensure timely medical intervention for potentially life-threatening conditions.,FR,
The system shall allow patients to schedule appointments with their doctors online.,Patient,Schedule an appointment online,To provide a convenient way for patients to book their visits.,FR,
The system must send an appointment reminder to the patient 24 hours before their scheduled visit.,System,Send appointment reminders,To reduce the number of missed appointments.,FR,
"As a patient, I want to be able to request a prescription refill online.",Patient,Request a prescription refill online,To conveniently get a new supply of my regular medication.,FR,
The system must provide a secure messaging portal for patients to communicate with their doctors.,Patient,Communicate securely with my doctor,To ask medical questions or discuss health concerns in a private and secure manner.,FR,
"The system shall allow a user to track their fitness activity, such as steps taken and calories burned.",User,Track my fitness activity,To monitor my health and progress towards fitness goals.,FR,
"The system must allow for the integration of data from wearable health devices (e.g., Fitbit, Apple Watch).",System,Integrate with wearable health devices,To automatically import fitness and health data into the user's profile.,FR,
"As a user, I want to be able to log my daily food intake.",User,Log my daily food intake,To track my diet and caloric consumption.,FR,
The system shall provide nutritional information for a database of common foods.,System,Provide nutritional information,To help users make informed decisions about their diet.,FR,
The system must allow a user to set health goals and track their progress over time.,User,Set and track health goals,To stay motivated and monitor their journey towards better health.,FR,
"As a researcher, I want to be able to query anonymized patient data for a research study.",Researcher,Query anonymized patient data,To conduct medical research without compromising patient privacy.,FR,
The system must comply with HIPAA regulations for handling protected health information (PHI).,System,Comply with HIPAA,To ensure the privacy and security of sensitive patient data.,FR,
"The system shall provide telehealth capabilities, allowing for video consultations between doctors and patients.",Doctor/Patient,Conduct a video consultation,To provide remote medical care and improve access for patients.,FR,
The system must allow a clinician to view a patient's complete medical history in a chronological timeline.,Clinician,View a patient's medical timeline,To get a comprehensive overview of the patient's health journey.,FR,
"As a hospital administrator, I want to be able to generate reports on patient admission and discharge rates.",Hospital Administrator,Generate reports on patient admission/discharge,To manage hospital resources and capacity effectively.,FR,
The system must allow administrators to assign specific tasks to users.,Administrator,Assign tasks to users,To delegate work and manage workflows within the system.,FR,
"As a project manager, I want to view a dashboard showing the progress of all current projects.",Project Manager,View a project progress dashboard,To get a high-level overview of project statuses and identify potential risks.,FR,
The system shall allow users to leave comments on articles.,User,Comment on articles,To engage in discussion and provide feedback on content.,FR,
The system must generate a PDF version of a user's invoice.,System,Generate a PDF invoice,To provide users with a printable and archivable record of their transaction.,FR,
"As a user, I want to be able to bookmark my favorite items.",User,Bookmark favorite items,To easily find and return to items I am interested in.,FR,
The system shall provide an RSS feed for the latest news articles.,System,Provide an RSS feed,To allow users to subscribe to content updates using their preferred feed reader.,FR,
The system must allow an administrator to customize the content of the homepage.,Administrator,Customize the homepage content,To tailor the site's landing page for promotional or informational purposes.,FR,
"As a user, I want to view a product's average rating before I decide to purchase it.",User,View a product's average rating,To use community feedback to make informed purchasing decisions.,FR,
The system shall send a weekly summary email to all project managers.,System,Send a weekly summary email,To keep project managers updated on their team's activity and progress.,FR,
The system must allow users to log in using their existing Google or Facebook accounts.,User,Log in using social media accounts,To provide a faster and more convenient way to access the system.,FR,
The application must prevent users from entering future dates in a 'date of birth' field.,System,Prevent future dates for date of birth,To ensure data validity and integrity for user profiles.,FR,
"As a writer, I want the system to automatically save my document as I type.",Writer,Have my document saved automatically,To prevent the loss of work due to browser crashes or network issues.,FR,
The system must provide an API for third-party developers to integrate with our service.,System,Provide a third-party API,To expand the platform's ecosystem and allow for external integrations.,FR,
The system must allow users to upload and attach files to their tasks.,User,Attach files to tasks,To provide context and necessary resources for completing a task.,FR,
"As a support agent, I want to be able to create a support ticket on behalf of a customer.",Support Agent,Create a support ticket for a customer,To log and track issues reported by customers via phone or email.,FR,
The system shall automatically assign a unique ID to every new support ticket.,System,Assign a unique ID to support tickets,To ensure that every issue can be uniquely identified and tracked.,FR,
The system must allow users to track the status of their submitted support tickets.,User,Track the status of my support ticket,To stay informed about the progress of their reported issue.,FR,
The system shall send an email notification to a user when their support ticket is updated.,System,Send an email notification for ticket updates,To keep the user informed without them needing to constantly check the system.,FR,
"As an administrator, I want to be able to define custom fields for our data entry forms.",Administrator,Define custom fields for forms,To capture specific information relevant to our business needs.,FR,
The system must provide a 'what you see is what you get' (WYSIWYG) editor for creating content.,Content Creator,Use a WYSIWYG editor,To easily format text and add media without needing to write HTML.,FR,
The system shall allow users to manage their email notification preferences.,User,Manage email notification preferences,To control which types of emails they receive from the system.,FR,
"As a user, I want to be able to see a list of other users who are currently online.",User,See who is online,To facilitate real-time collaboration and communication.,FR,
The system must support the ability to tag content with keywords.,Content Manager,Tag content with keywords,To improve content organization and discoverability through search.,FR,
The system shall allow users to follow other users and see their activity in a feed.,User,Follow other users,To create a social network and stay updated on the activities of colleagues or friends.,FR,
The system must provide version history for all edited documents.,User,View a document's version history,To track changes over time and revert to a previous version if needed.,FR,
"As a user, I want to be able to start a real-time chat with another user.",User,Start a real-time chat,To communicate instantly with other users on the platform.,FR,
The system shall allow users to create private and public groups for discussion.,User,Create discussion groups,To facilitate collaboration and communication around specific topics or projects.,FR,
"The system shall integrate with the user's calendar (e.g., Google Calendar, Outlook) to sync deadlines.",User,Sync deadlines with my personal calendar,To consolidate all of their important dates in one place.,FR,
"As a manager, I want to be able to approve or reject timesheets submitted by my employees.",Manager,Approve or reject timesheets,To manage payroll and track employee work hours accurately.,FR,
"The system must allow users to create recurring tasks (e.g., daily, weekly).",User,Create recurring tasks,To automate the creation of tasks that need to be done on a regular schedule.,FR,
The system shall provide a dashboard that visualizes data using charts and graphs.,User,Visualize data on a dashboard,To quickly understand trends and insights from the application's data.,FR,
"As a user, I want to receive in-app notifications for important events.",User,Receive in-app notifications,To be alerted to important updates without having to check my email.,FR,
The system must allow users to customize their personal dashboard by adding or removing widgets.,User,Customize my dashboard,To create a personalized view that shows the information most relevant to me.,FR,
The system shall support two-factor authentication (2FA) for enhanced security.,User,Enable two-factor authentication,To add an extra layer of security to my account.,FR,
"As a recruiter, I want to be able to post new job openings to the company's career page.",Recruiter,Post new job openings,To attract and inform potential candidates about available positions.,FR,
The system must allow candidates to apply for a job by uploading their resume.,Candidate,Apply for a job by uploading a resume,To simplify the job application process.,FR,
The system shall send an automated acknowledgement email to candidates after they apply for a job.,System,Send an automated acknowledgement email to candidates,To confirm that their application has been received.,FR,
The system must allow users to conduct polls and surveys.,User,Conduct polls and surveys,To gather feedback and opinions from a group of people.,FR,
"As an event organizer, I want to be able to create an event and manage RSVPs.",Event Organizer,Create an event and manage RSVPs,To organize an event and track attendance.,FR,
The system shall send reminders to attendees before an event starts.,System,Send event reminders to attendees,To reduce the number of no-shows for an event.,FR,
The system must provide an administrative interface to manage the application's settings.,Administrator,Manage application settings,To configure and customize the behavior of the system.,FR,
The system shall allow users to change the language of the user interface.,User,Change the UI language,To use the application in their preferred language.,FR,
"As a user, I want to be able to archive old projects to hide them from the main view.",User,Archive old projects,To de-clutter my workspace and focus on active projects.,FR,
The system must provide a way to bulk import data from a CSV file.,User,Bulk import data from a CSV,To efficiently add a large amount of data to the system at once.,FR,
The system shall enforce that a project must have a start date and an end date.,System,Enforce start and end dates for projects,To ensure proper project planning and scheduling.,FR,
"As a user, I want to be able to view my data on a map.",User,View data on a map,To visualize geographically-based information.,FR,
The system must allow administrators to impersonate other users for troubleshooting purposes.,Administrator,Impersonate another user,To see what a specific user is seeing and diagnose issues they are experiencing.,FR,
The system shall provide a 'dark mode' option for the user interface.,User,Enable 'dark mode',To reduce eye strain in low-light conditions.,FR,
"As a user, I want to be able to invite other people to collaborate on a project.",User,Invite collaborators to a project,To work together with team members on a shared goal.,FR,
The system must log all actions performed by administrative users.,System,Log all admin actions,To provide a clear audit trail for security and compliance.,FR,
The system shall allow users to share a direct link to a specific item or page.,User,Share a direct link,To easily direct others to a specific piece of content within the application.,FR,
"As an instructor, I want to be able to create a quiz and assign it to my students.",Instructor,Create and assign a quiz,To assess my students' knowledge and understanding of a topic.,FR,
The system must automatically grade multiple-choice questions in a quiz.,System,Automatically grade multiple-choice questions,To save the instructor time and provide immediate feedback to students.,FR,
The system shall allow students to view their quiz results after submission.,Student,View my quiz results,To see how I performed and learn from my mistakes.,FR,
"As a user, I want to be able to manage my payment methods.",User,Manage my payment methods,"To add, update, or remove credit cards for subscriptions or purchases.",FR,
The system must allow users to cancel their subscription at any time.,User,Cancel my subscription,To give users control over their recurring payments.,FR,
The system shall generate a detailed report of user activity for a given time period.,Administrator,Generate a user activity report,To monitor system usage and identify patterns of behavior.,FR,
The system must provide an option for users to delete their account and all associated data.,User,Delete my account and data,To comply with data privacy regulations like GDPR and give users control over their information.,FR,
"As a user, I want to be able to search the full text of documents, not just their titles.",User,Perform a full-text search,To find documents based on their content even if I don't know the title.,FR,
The system shall highlight search terms in the search results.,System,Highlight search terms in results,To help the user quickly see why a particular result is relevant.,FR,
"The system must provide advanced search options, such as filtering by date or author.",User,Use advanced search options,To perform more specific and targeted searches.,FR,
"As a pharmacist, I must be able to look up a patient's medication history.",Pharmacist,Look up medication history,To ensure patient safety and check for drug interactions.,FR,
The system shall allow a doctor to write and electronically sign a prescription.,Doctor,Write and sign an electronic prescription,To securely and efficiently send prescriptions to the pharmacy.,FR,
The system must validate a patient's insurance information before processing a claim.,System,Validate insurance information,To reduce claim rejections and ensure proper billing.,FR,
"As a lab technician, I want to be able to enter lab results into a patient's electronic health record (EHR).",Lab Technician,Enter lab results into the EHR,To make test results available to the patient's care team.,FR,
The system must alert a physician to a critical lab value.,System,Alert physicians to critical lab values,To ensure timely medical intervention for potentially life-threatening conditions.,FR,
The system shall allow patients to schedule appointments with their doctors online.,Patient,Schedule an appointment online,To provide a convenient way for patients to book their visits.,FR,
The system must send an appointment reminder to the patient 24 hours before their scheduled visit.,System,Send appointment reminders,To reduce the number of missed appointments.,FR,
"As a patient, I want to be able to request a prescription refill online.",Patient,Request a prescription refill online,To conveniently get a new supply of my regular medication.,FR,
The system must provide a secure messaging portal for patients to communicate with their doctors.,Patient,Communicate securely with my doctor,To ask medical questions or discuss health concerns in a private and secure manner.,FR,
"The system shall allow a user to track their fitness activity, such as steps taken and calories burned.",User,Track my fitness activity,To monitor my health and progress towards fitness goals.,FR,
"The system must allow for the integration of data from wearable health devices (e.g., Fitbit, Apple Watch).",System,Integrate with wearable health devices,To automatically import fitness and health data into the user's profile.,FR,
"As a user, I want to be able to log my daily food intake.",User,Log my daily food intake,To track my diet and caloric consumption.,FR,
The system shall provide nutritional information for a database of common foods.,System,Provide nutritional information,To help users make informed decisions about their diet.,FR,
The system must allow a user to set health goals and track their progress over time.,User,Set and track health goals,To stay motivated and monitor their journey towards better health.,FR,
"As a researcher, I want to be able to query anonymized patient data for a research study.",Researcher,Query anonymized patient data,To conduct medical research without compromising patient privacy.,FR,
The system must comply with HIPAA regulations for handling protected health information (PHI).,System,Comply with HIPAA,To ensure the privacy and security of sensitive patient data.,FR,
"The system shall provide telehealth capabilities, allowing for video consultations between doctors and patients.",Doctor/Patient,Conduct a video consultation,To provide remote medical care and improve access for patients.,FR,
The system must allow a clinician to view a patient's complete medical history in a chronological timeline.,Clinician,View a patient's medical timeline,To get a comprehensive overview of the patient's health journey.,FR,
"As a hospital administrator, I want to be able to generate reports on patient admission and discharge rates.",Hospital Administrator,Generate reports on patient admission/discharge,To manage hospital resources and capacity effectively.,FR,
The system shall allow a teacher to create and manage online courses.,Teacher,Create and manage online courses,To provide educational content to students.,FR,
The system must allow students to enroll in courses.,Student,Enroll in courses,To gain access to course materials and participate in learning activities.,FR,
"As a student, I want to be able to submit my assignments through an online portal.",Student,Submit assignments online,To hand in my work for grading in a convenient and trackable manner.,FR,
The system shall allow teachers to grade student submissions and provide feedback.,Teacher,Grade submissions and provide feedback,To assess student performance and guide their learning.,FR,
The system must provide a discussion forum for each course.,System,Provide a course discussion forum,To facilitate interaction and collaboration between students and teachers.,FR,
The system shall allow for the creation of online quizzes with various question types.,Teacher,Create online quizzes,To test student knowledge and understanding of the course material.,FR,
"As a student, I want to be able to view my grades for all my courses.",Student,View my grades,To track my academic performance.,FR,
The system must generate a certificate of completion when a student finishes a course.,System,Generate a certificate of completion,To provide students with a formal recognition of their achievement.,FR,
"The system shall support the upload of various course materials, such as videos, PDFs, and presentations.",Teacher,Upload various course materials,To create a rich and engaging learning experience.,FR,
The system must provide functionality for real-time inventory tracking.,Warehouse Manager,Track inventory in real-time,To maintain accurate stock levels and prevent stockouts or overstocking.,FR,
The system shall automatically re-order products when stock levels fall below a predefined threshold.,System,Automatically re-order low-stock products,To automate the procurement process and ensure inventory availability.,FR,
"As a warehouse worker, I want to use a barcode scanner to update inventory counts.",Warehouse Worker,Update inventory with a barcode scanner,To improve the speed and accuracy of stock-taking.,FR,
"The system must track the location of each item within the warehouse (e.g., aisle, shelf).",System,Track item locations in the warehouse,To facilitate efficient picking and packing of orders.,FR,
The system shall allow for the management of multiple warehouse locations.,Inventory Manager,Manage multiple warehouse locations,To provide a centralized view of inventory across the entire supply chain.,FR,
The system must generate a picking list for warehouse staff for each new order.,System,Generate a picking list for new orders,To guide warehouse staff in efficiently gathering items for shipment.,FR,
"As a logistics manager, I want to track the shipment of an order from the warehouse to the customer.",Logistics Manager,Track order shipments,To monitor delivery status and handle any potential issues.,FR,
"The system shall integrate with major shipping carriers (e.g., UPS, FedEx) to get shipping rates and print labels.",System,Integrate with shipping carriers,To streamline the shipping process and provide accurate shipping costs.,FR,
The system must allow for the processing of customer returns and updating inventory accordingly.,System,Process customer returns,To manage the reverse logistics process and update stock levels for returned items.,FR,
The system shall generate reports on inventory turnover and aging.,Inventory Analyst,Generate inventory reports,To identify slow-moving or obsolete stock and optimize inventory management.,FR,
"The system must allow a user to book a flight by selecting departure and destination airports, dates, and number of passengers.",Traveler,Book a flight,To purchase a plane ticket for a trip.,FR,
"The system shall allow users to search for hotel accommodations by city, check-in/check-out dates, and number of guests.",Traveler,Search for hotels,To find available lodging for a trip.,FR,
"As a user, I want to be able to compare prices of flights from different airlines.",User,Compare flight prices,To find the best deal for my travel.,FR,
The system must allow users to select their seats on a flight.,Traveler,Select a seat on a flight,To choose their preferred seating location on the aircraft.,FR,
The system shall allow for the booking of rental cars.,Traveler,Book a rental car,To arrange for ground transportation at their destination.,FR,
"As a user, I want to be able to filter hotel search results by amenities, such as a swimming pool or free Wi-Fi.",User,Filter hotel results by amenities,To find a hotel that meets my specific needs and preferences.,FR,
The system must process payments for travel bookings and issue e-tickets or vouchers.,System,Process payments and issue tickets,To complete the booking transaction and provide the necessary travel documents.,FR,
The system shall allow users to create and manage a travel itinerary.,Traveler,Create a travel itinerary,To organize all the details of their trip in one place.,FR,
"As a user, I want to read reviews of hotels and airlines from other travelers.",User,Read travel reviews,To make informed decisions based on the experiences of others.,FR,
The system must send booking confirmations and travel reminders via email and SMS.,System,Send booking confirmations and reminders,To keep the traveler informed and prepared for their trip.,FR,
The system shall allow a human resources manager to post job openings.,HR Manager,Post job openings,To advertise vacant positions and attract candidates.,FR,
The system must allow a candidate to create a profile and upload their resume.,Candidate,Create a profile and upload a resume,To apply for jobs and make their information available to recruiters.,FR,
"As a candidate, I want to be able to search for job openings based on keywords, location, and job type.",Candidate,Search for job openings,To find relevant employment opportunities.,FR,
The system shall allow a candidate to apply for a job with their saved profile.,Candidate,Apply for a job with a saved profile,To streamline the application process for multiple positions.,FR,
The system must provide a dashboard for HR managers to track applications for each job opening.,HR Manager,Track job applications,To manage the recruitment pipeline and review candidate information.,FR,
"As a recruiter, I want to be able to schedule interviews with candidates through the system.",Recruiter,Schedule interviews,To coordinate and manage the interview process.,FR,
The system shall send automated interview reminders to both the candidate and the interviewer.,System,Send interview reminders,To reduce the number of no-show interviews.,FR,
The system must allow hiring managers to provide feedback on candidates after an interview.,Hiring Manager,Provide feedback on candidates,To capture and centralize interview assessments for decision-making.,FR,
The system shall allow an HR manager to extend a job offer to a candidate.,HR Manager,Extend a job offer,To formally offer a position to a selected candidate.,FR,
"The system must facilitate the employee onboarding process, including the collection of new hire paperwork.",System,Facilitate employee onboarding,To streamline the process of integrating a new employee into the company.,FR,
The system shall allow a teacher to create and manage online courses.,Teacher,Create and manage online courses,To provide educational content to students.,FR,
The system must allow students to enroll in courses.,Student,Enroll in courses,To gain access to course materials and participate in learning activities.,FR,
"As a student, I want to be able to submit my assignments through an online portal.",Student,Submit assignments online,To hand in my work for grading in a convenient and trackable manner.,FR,
The system shall allow teachers to grade student submissions and provide feedback.,Teacher,Grade submissions and provide feedback,To assess student performance and guide their learning.,FR,
The system must provide a discussion forum for each course.,System,Provide a course discussion forum,To facilitate interaction and collaboration between students and teachers.,FR,
The system shall allow for the creation of online quizzes with various question types.,Teacher,Create online quizzes,To test student knowledge and understanding of the course material.,FR,
"As a student, I want to be able to view my grades for all my courses.",Student,View my grades,To track my academic performance.,FR,
The system must generate a certificate of completion when a student finishes a course.,System,Generate a certificate of completion,To provide students with a formal recognition of their achievement.,FR,
"The system shall support the upload of various course materials, such as videos, PDFs, and presentations.",Teacher,Upload various course materials,To create a rich and engaging learning experience.,FR,
"As a system administrator, I want to manage the course catalog.",Administrator,Manage the course catalog,"To add, update, or remove credit cards for subscriptions or purchases.",FR,
The system must provide functionality for real-time inventory tracking.,Warehouse Manager,Track inventory in real-time,To maintain accurate stock levels and prevent stockouts or overstocking.,FR,
The system shall automatically re-order products when stock levels fall below a predefined threshold.,System,Automatically re-order low-stock products,To automate the procurement process and ensure inventory availability.,FR,
"As a warehouse worker, I want to use a barcode scanner to update inventory counts.",Warehouse Worker,Update inventory with a barcode scanner,To improve the speed and accuracy of stock-taking.,FR,
"The system must track the location of each item within the warehouse (e.g., aisle, shelf).",System,Track item locations in the warehouse,To facilitate efficient picking and packing of orders.,FR,
The system shall allow for the management of multiple warehouse locations.,Inventory Manager,Manage multiple warehouse locations,To provide a centralized view of inventory across the entire supply chain.,FR,
The system must generate a picking list for warehouse staff for each new order.,System,Generate a picking list for new orders,To guide warehouse staff in efficiently gathering items for shipment.,FR,
"As a logistics manager, I want to track the shipment of an order from the warehouse to the customer.",Logistics Manager,Track order shipments,To monitor delivery status and handle any potential issues.,FR,
"The system shall integrate with major shipping carriers (e.g., UPS, FedEx) to get shipping rates and print labels.",System,Integrate with shipping carriers,To streamline the shipping process and provide accurate shipping costs.,FR,
The system must allow for the processing of customer returns and updating inventory accordingly.,System,Process customer returns,To manage the reverse logistics process and update stock levels for returned items.,FR,
The system shall generate reports on inventory turnover and aging.,Inventory Analyst,Generate inventory reports,To identify slow-moving or obsolete stock and optimize inventory management.,FR,
"The system must allow a user to book a flight by selecting departure and destination airports, dates, and number of passengers.",Traveler,Book a flight,To purchase a plane ticket for a trip.,FR,
"The system shall allow users to search for hotel accommodations by city, check-in/check-out dates, and number of guests.",Traveler,Search for hotels,To find available lodging for a trip.,FR,
"As a user, I want to be able to compare prices of flights from different airlines.",User,Compare flight prices,To find the best deal for my travel.,FR,
The system must allow users to select their seats on a flight.,Traveler,Select a seat on a flight,To choose their preferred seating location on the aircraft.,FR,
The system shall allow for the booking of rental cars.,Traveler,Book a rental car,To arrange for ground transportation at their destination.,FR,
"As a user, I want to be able to filter hotel search results by amenities, such as a swimming pool or free Wi-Fi.",User,Filter hotel results by amenities,To find a hotel that meets my specific needs and preferences.,FR,
The system must process payments for travel bookings and issue e-tickets or vouchers.,System,Process payments and issue tickets,To complete the booking transaction and provide the necessary travel documents.,FR,
The system shall allow users to create and manage a travel itinerary.,Traveler,Create a travel itinerary,To organize all the details of their trip in one place.,FR,
"As a user, I want to read reviews of hotels and airlines from other travelers.",User,Read travel reviews,To make informed decisions based on the experiences of others.,FR,
The system must send booking confirmations and travel reminders via email and SMS.,System,Send booking confirmations and reminders,To keep the traveler informed and prepared for their trip.,FR,
The system shall allow a human resources manager to post job openings.,HR Manager,Post job openings,To advertise vacant positions and attract candidates.,FR,
The system must allow a candidate to create a profile and upload their resume.,Candidate,Create a profile and upload a resume,To apply for jobs and make their information available to recruiters.,FR,
"As a candidate, I want to be able to search for job openings based on keywords, location, and job type.",Candidate,Search for job openings,To find relevant employment opportunities.,FR,
The system shall allow a candidate to apply for a job with their saved profile.,Candidate,Apply for a job with a saved profile,To streamline the application process for multiple positions.,FR,
The system must provide a dashboard for HR managers to track applications for each job opening.,HR Manager,Track job applications,To manage the recruitment pipeline and review candidate information.,FR,
"As a recruiter, I want to be able to schedule interviews with candidates through the system.",Recruiter,Schedule interviews,To coordinate and manage the interview process.,FR,
The system shall send automated interview reminders to both the candidate and the interviewer.,System,Send interview reminders,To reduce the number of no-show interviews.,FR,
The system must allow hiring managers to provide feedback on candidates after an interview.,Hiring Manager,Provide feedback on candidates,To capture and centralize interview assessments for decision-making.,FR,
The system shall allow an HR manager to extend a job offer to a candidate.,HR Manager,Extend a job offer,To formally offer a position to a selected candidate.,FR,
"The system must facilitate the employee onboarding process, including the collection of new hire paperwork.",System,Facilitate employee onboarding,To streamline the process of integrating a new employee into the company.,FR,
"As a sales agent, I want to log a call with a lead.",Sales Agent,Log a call with a lead,To maintain a history of communication for a lead.,FR,
The system must display the sales pipeline for the current quarter.,Sales Manager,Display the sales pipeline,To track progress against sales targets.,FR,
"As a user, I want to post a status update with text and images.",User,Post a status update,To share my activities with my network.,FR,
The system shall allow a user to 'like' another user's post.,User,Like another user's post,To show appreciation or agreement with the content.,FR,
The system must provide a private messaging feature for users to communicate directly.,User,Send a private message,To have a one-on-one conversation with another user.,FR,
"As a user, I want to view my account transaction history.",User,View transaction history,To track my spending and account activity.,FR,
The system shall allow a user to transfer funds between their own accounts.,User,Transfer funds between own accounts,To manage my personal finances.,FR,
The system must send an alert to the user when a suspicious transaction is detected.,System,Send a suspicious transaction alert,To protect the user from potential fraud.,FR,
"As a customer, I want to be able to reserve a table at a restaurant for a specific date and time.",Customer,Reserve a table,To guarantee a spot at the restaurant for a meal.,FR,
The system must allow an author to save a blog post as a draft without publishing it.,Author,Save a post as a draft,To work on content over time before making it public.,FR,
The system shall provide a content approval workflow where an editor must approve a post before it is published.,System,Provide a content approval workflow,To ensure content quality and consistency before publication.,FR,
"As a customer, I want to track the real-time location of my food delivery.",Customer,Track my food delivery,To know the estimated arrival time of my order.,FR,
The system shall allow a restaurant owner to update their menu and prices.,Restaurant Owner,Update menu and prices,To reflect current offerings and costs.,FR,
The system must provide a list of ingredients and allergen information for each menu item.,System,Provide ingredient and allergen information,To help customers with dietary restrictions make safe choices.,FR,
"As a driver, I want to see a map with the optimal route to the customer's location.",Driver,See the optimal delivery route,To deliver the order efficiently and quickly.,FR,
The system must allow users to pay for their order using a credit card or digital wallet.,Customer,Pay for an order,To complete the purchase transaction.,FR,
The system shall allow users to reorder a previous meal with a single click.,Customer,Reorder a previous meal,To quickly order a favorite item without searching the menu.,FR,
"As a musician, I want to upload my audio tracks to the platform.",Musician,Upload audio tracks,To share my music with listeners.,FR,
The system must allow listeners to create and save their own playlists.,Listener,Create and save playlists,To organize favorite songs and albums for easy listening.,FR,
"The system must enforce password complexity rules, requiring at least 8 characters, one uppercase letter, one number, and one special character.",System,Enforce strong password complexity,To enhance account security by promoting strong passwords.,NFR,Security
"All user passwords must be stored in the database using a strong, salted hashing algorithm like Argon2 or bcrypt.",System,Store passwords securely,To prevent password theft from the database in case of a breach.,NFR,Security
The system shall use TLS 1. or higher for all data transmitted between the client and server.,System,Encrypt data in transit ,To protect sensitive information from eavesdropping during transmission.,NFR,Security
"As an administrator, I want the system to lock a user account for 15 minutes after 5 consecutive failed login attempts.",Administrator,Lock accounts after failed logins,To mitigate brute-force password attacks.,NFR,Security
The system must perform input validation on all user-supplied data to prevent common injection attacks like SQL injection and Cross-Site Scripting (XSS).,System,Validate all user input,To protect the database and application from malicious queries and scripts.,NFR,Security
The system shall implement role-based access control (RBAC) to ensure that users can only access data and functionality appropriate for their role.,System,Implement role-based access control,To enforce the principle of least privilege and prevent unauthorized actions.,NFR,Security
"All sensitive configuration files, such as those containing database credentials, must have restricted file permissions on the server.",System,Restrict configuration file access,To prevent unauthorized users from viewing or modifying critical settings.,NFR,Security
"The system must log all security-sensitive events, including successful logins, failed logins, password changes, and permission changes.",System,Log all security-sensitive events,To provide a comprehensive audit trail for security investigations.,NFR,Security
The password reset token sent to a user's email must be single-use and expire after 1 hour.,System,Ensure password reset tokens expire,To reduce the risk of a token being compromised and used later.,NFR,Security
"The application must not expose detailed server software information (e.g., Apache 2.4.1, PHP 7.2) in HTTP headers.",System,Hide server software version numbers,To avoid giving attackers information about potential vulnerabilities.,NFR,Security
"The system shall undergo regular, automated vulnerability scans against the OWASP Top 10 vulnerabilities.",System,Perform regular vulnerability scans,To proactively identify and remediate common security weaknesses.,NFR,Security
All API endpoints that access or modify sensitive data must require a valid authentication token.,System,Require authentication for sensitive API endpoints,To prevent unauthorized access to data via the API.,NFR,Security
The system must use a strict Cross-Origin Resource Sharing (CORS) policy to restrict which domains can make requests to its API.,System,Implement a strict CORS policy,To prevent malicious websites from making unauthorized requests on behalf of a user.,NFR,Security
User sessions must be invalidated on the server-side immediately after the user logs out.,System,Invalidate sessions upon logout,To prevent session hijacking attacks where an old session ID could be reused.,NFR,Security
The system shall include modern security headers like Content Security Policy (CSP) and HTTP Strict Transport Security (HSTS) in all HTTP responses.,System,Use security headers in HTTP responses,To mitigate cross-site scripting (XSS) and man-in-the-middle attacks.,NFR,Security
All user-uploaded files must be scanned for malware before being stored on the server.,System,Scan file uploads for malware,To prevent the server from being infected with malicious files.,NFR,Security
"The system's logs must not contain sensitive data in plain text, such as passwords, API keys, or credit card numbers.",System,Avoid logging sensitive data in plain text,To protect sensitive information from being exposed in log files.,NFR,Security
"As a user, I want to be notified via email of any login to my account from a new device or location.",User,Be notified of new device login,To quickly take action if my account is compromised.,NFR,Security
The system must use parameterized queries or prepared statements for all database interactions.,System,Use parameterized queries,To provide a robust defense against SQL injection vulnerabilities.,NFR,Security
The application's administrative interface must be accessible only from within the company's private network (VPN).,System,Restrict access to the admin interface,To reduce the attack surface of the application's most sensitive area.,NFR,Security
The system must generate a new session ID upon successful user authentication to prevent session fixation attacks.,System,Regenerate session ID on login,To ensure that a pre-login session cannot be hijacked after authentication.,NFR,Security
All session cookies must have the 'Secure' and 'HttpOnly' flags set.,System,Set secure flags on session cookies,To prevent cookies from being transmitted over unencrypted connections and accessed via JavaScript.,NFR,Security
The system must be protected against Cross-Site Request Forgery (CSRF) using anti-CSRF tokens on all state-changing forms.,System,Protect against CSRF attacks,To ensure that all actions are initiated intentionally by the logged-in user.,NFR,Security
The system shall time-out administrative user sessions after 15 minutes of inactivity.,System,Time-out inactive admin sessions,To reduce the risk of unauthorized access to privileged accounts from an unattended terminal.,NFR,Security
"The system must ensure that generic error messages are shown to the user, while detailed error information is logged on the server.",System,Prevent sensitive data exposure in error messages,To avoid providing attackers with information about the system's internal workings.,NFR,Security
The system must have a clearly defined process for securely handling and reporting security vulnerabilities discovered by third parties.,System,Have a vulnerability disclosure process,To encourage responsible reporting of security issues from the research community.,NFR,Security
"The system shall generate strong, cryptographically random session identifiers for each user session.",System,Use strong session identifiers,To make session hijacking through guessing session IDs computationally infeasible.,NFR,Security
The system's user interface must be protected against clickjacking attacks by using the X-Frame-Options header.,System,Protect against clickjacking,To prevent tricking a user into clicking on something different from what the user perceives.,NFR,Security
The system must ensure that all third-party libraries and dependencies are regularly updated to patch known vulnerabilities.,System,Maintain up-to-date dependencies,To prevent exploitation of known security flaws in third-party code.,NFR,Security
"As a security admin, I want to enforce Multi-Factor Authentication (MFA) for all administrative users.",Security Admin,Enforce MFA for admins,To add a critical extra layer of security to the most privileged accounts.,NFR,Security
The system must have rate limiting on its authentication endpoints to slow down password guessing attempts.,System,Implement rate limiting on authentication,To deter brute-force and credential stuffing attacks.,NFR,Security
"The system shall not autocomplete sensitive form fields, such as passwords or credit card numbers.",System,Disable autocomplete for sensitive fields,To prevent sensitive data from being stored insecurely by the browser.,NFR,Security
"Access to production databases must be restricted to a small, authorized group of personnel and require bastion host access.",System,Restrict direct database access,To minimize the risk of unauthorized data access or modification.,NFR,Security
The system must ensure that directory listing is disabled on the web server.,System,Disable directory listing,To prevent attackers from easily discovering the file structure of the application.,NFR,Security
The application must run with the minimum necessary permissions in its operating environment.,System,Run with least privilege,To limit the potential damage an attacker could cause if the application is compromised.,NFR,Security
The system shall have a content security policy that prevents the loading of untrusted third-party scripts.,System,Implement a strict Content Security Policy,To provide a strong defense against Cross-Site Scripting (XSS).,NFR,Security
The system's user IDs and other resource identifiers should not be guessable or sequential.,System,Use non-sequential resource IDs,To prevent attackers from enumerating users or data by guessing IDs (e.g. /users/1 /users/2).,NFR,Security
"All cryptographic keys must be stored securely, for example in a hardware security module (HSM) or a managed key vault service.",System,Store cryptographic keys securely,To protect the most critical security assets of the application.,NFR,Security
"The system must ensure that JWTs (JSON Web Tokens) are signed using a strong algorithm (e.g., RS256) and that the signature is validated on every request.",System,Use and validate strong JWT signatures,To prevent token tampering and ensure the integrity of authentication tokens.,NFR,Security
The application must have a security incident response plan in place.,System,Have an incident response plan,To ensure a swift and organized response in the event of a security breach.,NFR,Security
"All encryption algorithms used in the system must be current industry-standard algorithms (e.g., AES-256).",System,Use industry-standard encryption,To ensure that data is protected with strong well-vetted cryptographic methods.,NFR,Security
"The system must enforce authorization checks on every request, even for pages that seem non-sensitive.",System,Enforce authorization on every request,To prevent vertical and horizontal privilege escalation attacks.,NFR,Security
The system shall not transmit sensitive data in URL parameters.,System,Avoid sensitive data in URLs,To prevent sensitive information from being stored in browser history logs or referrer headers.,NFR,Security
"The system must be designed to be secure by default, with the most secure options enabled out-of-the-box.",System,Be secure by default,To reduce the likelihood of misconfigurations that could lead to vulnerabilities.,NFR,Security
"The application's file upload functionality must restrict the types of files that can be uploaded (e.g., only allow images or PDFs).",System,Restrict file upload types,To prevent the upload of malicious executable files or scripts.,NFR,Security
The system shall conduct periodic security audits and penetration tests by an independent third party.,System,Conduct third-party security audits,To get an unbiased assessment of the application's security posture.,NFR,Security
The system's password history policy must prevent users from reusing their last 5 passwords.,System,Enforce a password history policy,To prevent users from cycling through a small set of familiar passwords.,NFR,Security
"The system must use a unique, randomly generated salt for each user's password hash.",System,Salt all password hashes,To protect against rainbow table attacks.,NFR,Security
The system must perform integrity checks on critical application files to detect unauthorized modifications.,System,Perform file integrity checks,To identify potential malware or tampering with the application's source code.,NFR,Security
The system must use certificate pinning for its mobile applications.,Mobile App,Use certificate pinning,To protect against man-in-the-middle attacks that use fraudulent SSL certificates.,NFR,Security
"The system must enforce a security policy that requires all employees to use strong, unique passwords and 2FA for all internal systems.",System,Enforce internal security policies,To protect the development and operational environment from compromise.,NFR,Security
The system shall provide an audit log that is immutable and protected from tampering.,System,Provide an immutable audit log,To ensure that security records are reliable and cannot be altered by an attacker.,NFR,Security
The system must have controls to prevent XML External Entity (XXE) injection attacks when parsing XML data.,System,Prevent XXE attacks,To protect against attacks that can lead to information disclosure or server-side request forgery.,NFR,Security
"The system must have a security policy for the use of third-party APIs, including rate limiting and monitoring.",System,Have a third-party API security policy,To protect the application from security risks introduced by external services.,NFR,Security
The system shall not display user-provided content without proper sanitization to prevent stored XSS attacks.,System,Sanitize all user-provided content,To ensure that malicious scripts entered by one user are not executed by another user's browser.,NFR,Security
"The system must be designed to fail securely, meaning that if a security control fails, it defaults to a secure state (e.g., denying access).",System,Fail securely,To prevent failures from creating security vulnerabilities.,NFR,Security
The system must have a mechanism to revoke access for a user or an API key immediately.,System,Support immediate access revocation,To quickly respond to a compromise of credentials.,NFR,Security
"The system shall not use hardcoded credentials, API keys, or other secrets in its source code.",System,Avoid hardcoded secrets,To prevent sensitive information from being exposed in the source code repository.,NFR,Security
"The system must have a process for securely deleting user data upon request, in compliance with privacy regulations.",System,Securely delete user data,To ensure that data is permanently removed and cannot be recovered.,NFR,Security
The system shall use DNSSEC to protect against DNS spoofing attacks.,System,Use DNSSEC,To ensure that users are connecting to the authentic server and not a malicious one.,NFR,Security
The system must be designed to be resilient against denial-of-service (DoS) attacks.,System,Be resilient to DoS attacks,To maintain availability for legitimate users during an attack.,NFR,Security
The system's security architecture must be reviewed and approved by a security team before implementation.,System,Review security architecture,To ensure that security is designed into the system from the beginning.,NFR,Security
The system must have a security awareness training program for all developers and operations staff.,System,Provide security awareness training,To reduce the risk of human error leading to security vulnerabilities.,NFR,Security
The system shall use a web application firewall (WAF) to protect against common web-based attacks.,System,Use a web application firewall,To provide an additional layer of defense for the application.,NFR,Security
The system must have a policy for the secure disposal of obsolete hardware and media.,System,Have a secure disposal policy,To prevent sensitive data from being recovered from discarded equipment.,NFR,Security
"The system shall use a secrets management solution (e.g., HashiCorp Vault, AWS Secrets Manager) to manage and rotate secrets.",System,Use a secrets management solution,To centralize and secure the handling of sensitive credentials.,NFR,Security
The system must be designed to minimize its attack surface by exposing only necessary services and ports.,System,Minimize the attack surface,To reduce the number of potential entry points for an attacker.,NFR,Security
The system shall use a sandbox environment for running potentially untrusted code or processing untrusted data.,System,Use a sandbox for untrusted code,To isolate potentially malicious operations and protect the host system.,NFR,Security
"The system must have a security policy for remote access, requiring VPN and multi-factor authentication.",System,Have a secure remote access policy,To protect the internal network from unauthorized access.,NFR,Security
The system's mobile application must use code obfuscation to make it more difficult to reverse engineer.,Mobile App,Use code obfuscation,To protect intellectual property and deter attackers from discovering vulnerabilities.,NFR,Security
The system must have a security policy for the use of personal devices (BYOD) for work purposes.,System,Have a BYOD security policy,To manage the security risks associated with employees using their own devices.,NFR,Security
The system shall use a content delivery network (CDN) that provides DDoS mitigation services.,System,Use a CDN with DDoS mitigation,To improve performance and protect against large-scale denial-of-service attacks.,NFR,Security
"The system must have a security policy for the use of open-source software, including a process for approving and monitoring its use.",System,Have an open-source software security policy,To manage the security risks associated with using open-source components.,NFR,Security
The system shall use a network intrusion detection system (NIDS) to monitor for malicious network activity.,System,Use a network intrusion detection system,To detect and alert on potential security threats at the network level.,NFR,Security
The system must have a security policy for physical access to its data centers and servers.,System,Have a physical security policy,To protect the hardware and infrastructure from unauthorized physical access.,NFR,Security
The system's main dashboard page must load in under 2 seconds on a standard broadband connection.,System,Ensure dashboard loads quickly,To provide a responsive and positive user experience upon login.,NFR,Performance
The search functionality should return results for a typical query in less than 500 milliseconds.,System,Provide fast search results,To allow users to find information without a noticeable delay.,NFR,Performance
The server's average CPU utilization should not exceed 75% during peak business hours.,System,Maintain CPU utilization below 75%,To ensure there is sufficient capacity to handle unexpected traffic spikes.,NFR,Performance
The application's public API must maintain an average response time of under 200ms for 95% of requests.,System,Ensure a fast API response time,To provide a high-quality experience for third-party developers and integrations.,NFR,Performance
The database queries executed during a page load should complete in under 100ms on average.,System,Optimize database query performance,To prevent the database from becoming a bottleneck for the application.,NFR,Performance
The time to first byte (TTFB) for the application's homepage should be less than 400ms for users in the primary market.,System,Achieve a low TTFB,To start rendering the page for the user as quickly as possible.,NFR,Performance
"The system shall process a standard batch job of 10,000 records in under 5 minutes.",System,Process batch jobs efficiently,To ensure that background tasks are completed in a timely manner without impacting user-facing performance.,NFR,Performance
The application's JavaScript bundle size for the initial page load must not exceed 500 KB after compression.,System,Minimize initial JavaScript bundle size,To reduce page load times especially for users on slower mobile networks.,NFR,Performance
The system's infrastructure must be able to scale horizontally to accommodate a 50% increase in user traffic with no more than a 10% increase in response time.,System,Be able to scale horizontally,To handle growth in the user base without performance degradation.,NFR,Performance
"The image gallery page, with 50 thumbnails, must become interactive within 3 seconds on a standard broadband connection.",System,Load images quickly,To provide a smooth browsing experience for users viewing media content.,NFR,Performance
"The memory usage of the application server should not grow unbounded over time (i.e., there should be no memory leaks).",System,Prevent memory leaks,To ensure the long-term stability and performance of the application.,NFR,Performance
The system must be able to process 500 financial transactions per second at peak load.,System,Support high transaction throughput,To meet the demands of a high-volume transactional system.,NFR,Performance
The page rendering process in the user's browser should not block the main UI thread for more than 100ms at a time.,System,Avoid blocking the main UI thread,To keep the user interface responsive and interactive during page load and use.,NFR,Performance
"The system should utilize an in-memory cache (e.g., Redis, Memcached) for frequently accessed, non-sensitive data.",System,Implement caching for frequently accessed data,To reduce database load and improve response times for common requests.,NFR,Performance
"The application's REST API should be able to handle 5,000 requests per minute during peak times.",System,Handle a high volume of API requests,To support integrations and heavy client-side application usage.,NFR,Performance
The file upload process for a 10MB file should complete in under 15 seconds on an average broadband connection.,System,Ensure fast file uploads,To provide a good user experience for users sharing content.,NFR,Performance
The system's report generation feature must be able to generate a 100-page PDF report in less than 1 minute.,System,Generate large reports quickly,To allow users to access their data without long waits.,NFR,Performance
The application must efficiently use and release database connections and not hold them open unnecessarily.,System,Use database connections efficiently,To prevent connection pool exhaustion and ensure database availability under load.,NFR,Performance
The latency for real-time chat messages should be less than 500 milliseconds from the time a message is sent to the time it is displayed to the recipient.,System,Provide low-latency real-time chat,To ensure that conversations feel natural and instantaneous.,NFR,Performance
"The application should feel responsive to user input, with UI updates (e.g., button clicks, form validation) occurring in less than 100ms after an action.",System,Ensure a responsive UI,To provide a fluid and non-laggy user experience.,NFR,Performance
"The system's data ingestion pipeline must have a throughput of at least 10,000 messages per minute.",System,Achieve high throughput in the data pipeline,To handle high volumes of incoming data without creating processing backlogs.,NFR,Performance
"The application's server start-up time, from launch to being ready to serve requests, must be less than 60 seconds.",System,Ensure a fast server start-up time,To minimize downtime during deployments and restarts.,NFR,Performance
The system shall utilize lazy loading for images and other off-screen content on long-scrolling pages.,System,Implement lazy loading,To improve initial page load speed and conserve user bandwidth.,NFR,Performance
The system's performance must not degrade by more than 10% when running in a virtualized production environment compared to a bare-metal equivalent.,System,Perform well in a virtualized environment,To ensure efficient operation in modern cloud hosting infrastructures.,NFR,Performance
The number of database round-trips for loading the user's main dashboard must be five or fewer.,System,Minimize database round-trips,To reduce latency and improve the efficiency of data retrieval for the most common view.,NFR,Performance
"The application must be optimized for mobile devices, with page load times under 3 seconds on a standard 4G connection.",System,Optimize for mobile performance,To provide a good experience for the growing number of users on smartphones and tablets.,NFR,Performance
"The system's resource consumption (CPU, memory) should scale linearly with the number of active users, not exponentially.",System,Scale resources linearly,To ensure predictable performance and cost as the user base grows.,NFR,Performance
"The system must use a Content Delivery Network (CDN) to serve all static assets like images, CSS, and JavaScript files.",System,Use a CDN for static assets,To reduce latency for users around the world and decrease load on the origin server.,NFR,Performance
The user interface shall be intuitive and easy for a first-time user to navigate to the primary features.,First-time User,Navigate the system easily,To ensure a low barrier to entry and a positive initial experience.,NFR,Usability
The system's five most common workflows should be discoverable and completable by a new user within the first five minutes of use without referring to documentation.,New User,Discover and complete common tasks quickly,To allow users to become productive with the system immediately.,NFR,Usability
"The user interface must provide clear and consistent navigation (e.g., menus, breadcrumbs) across all pages of the application.",User,Navigate the system consistently,To prevent confusion and help users build a mental model of the application.,NFR,Usability
"All interactive elements, such as buttons, links, and form fields, must have a clear visual feedback state (e.g., hover, focus, clicked).",User,Receive visual feedback from interactions,To understand that the system has recognized their action.,NFR,Usability
"The system shall provide helpful, human-readable error messages that explain what went wrong and suggest a solution.",User,Understand what went wrong from an error message,To enable users to correct their mistakes without needing help.,NFR,Usability
The number of clicks required to perform the three most common tasks should be minimized and not exceed three clicks from the main dashboard.,User,Perform common tasks efficiently,To improve user productivity and reduce frustration.,NFR,Usability
"The system should provide a brief, optional onboarding tour for new users that highlights key features.",New User,Learn how to use the system,To guide users through the main functionalities upon their first login.,NFR,Usability
"The system must ask for explicit confirmation from the user before performing any irreversible, destructive action, such as deleting an account or a project.",User,Avoid accidental data loss,To prevent irreversible mistakes with a clear confirmation dialog.,NFR,Usability
"The terminology used for labels, menus, and buttons throughout the application should be consistent and easily understood by the target audience.",User,Understand the terminology in the UI,To ensure clarity and prevent misinterpretation of features.,NFR,Usability
"The layout of the application must be responsive, providing a usable experience on screen sizes from a 360px-wide mobile phone to a 1920px-wide desktop monitor.",User,Use the application on any device,To provide a good and consistent experience regardless of the device being used.,NFR,Usability
"The system should remember non-sensitive user preferences and settings (e.g., table sorting, theme selection) between sessions.",User,Have my preferences remembered,To create a personalized and more efficient experience on return visits.,NFR,Usability
"The application should provide clear and non-intrusive indicators of its current state, such as loading spinners for background processes or progress bars for file uploads.",User,Know what the system is doing,To provide feedback during waits and manage user expectations.,NFR,Usability
"A novice user should be able to complete the primary user journey (e.g., creating an account and a first project) without requiring external training or documentation.",Novice User,Complete a primary workflow without training,To ensure the system is intuitive and self-explanatory.,NFR,Usability
"The application's forms should be easy to use, with clearly labeled fields, logical grouping of information, and placeholder text where helpful.",User,Fill out forms easily,To reduce the cognitive load and error rate when entering data.,NFR,Usability
The system must provide keyboard shortcuts for the ten most common actions to improve efficiency for power users.,Power User,Use the system efficiently with a keyboard,To improve productivity for experienced users who prefer keyboard navigation.,NFR,Usability
"The online user documentation should be easily searchable and provide clear, step-by-step instructions with screenshots or GIFs.",User,Find help when I'm stuck,To allow users to solve problems independently and quickly.,NFR,Usability
"The visual design of the application should be clean, uncluttered, and aesthetically pleasing, adhering to a consistent style guide.",User,Have a pleasant visual experience,To improve user satisfaction and perceived ease of use.,NFR,Usability
The system shall provide undo functionality for actions like deleting a comment or archiving an item.,User,Undo a mistake,To encourage exploration and reduce the fear of making errors.,NFR,Usability
"The application must support internationalization (i18n), allowing the UI to be translated into at least three different languages.",Non-English speaking user,Use the application in my native language,To make the system accessible to a global audience.,NFR,Usability
The system's search functionality should be forgiving of minor typos and offer 'did you mean' suggestions.,User,Find what I'm looking for despite typos,To improve the success rate and user experience of the search feature.,NFR,Usability
The application should maintain a consistent look and feel with the company's brand and other software products.,User,Have a consistent experience across products,To reduce the learning curve when switching between applications and reinforce branding.,NFR,Usability
"The system must provide clear and visible exit points (e.g., 'Cancel' or 'Close' buttons) from any multi-step process, modal, or dialog.",User,Be able to cancel an action or exit a screen,To ensure the user feels in control of the application at all times.,NFR,Usability
Onboarding tutorials and help pop-ups must be easily dismissible and skippable for experienced users.,Experienced User,Skip the onboarding tutorial,To avoid forcing unnecessary steps on users who are already familiar with the system.,NFR,Usability
"The system should provide context-sensitive help, where clicking a 'help' icon next to a complex feature provides information specific to that feature.",User,Get help for a specific feature I'm using,To offer targeted assistance exactly when and where it is needed.,NFR,Usability
"The application should use universally recognized icons for common actions (e.g., a gear for settings, a trash can for delete).",User,Recognize the function of an icon immediately,To leverage existing user knowledge and improve intuitiveness.,NFR,Usability
The system should provide sensible default values for form fields where appropriate to minimize data entry.,User,Fill out forms faster,To reduce data entry effort and speed up task completion.,NFR,Usability
The application's primary navigation hierarchy should be no more than three levels deep to ensure features are easily findable.,User,Find any page or feature quickly,To prevent users from getting lost in a complex navigation structure.,NFR,Usability
"All financial transactions must be processed atomically, ensuring that they either complete fully or are fully rolled back, with no partial state.",System,Ensure transaction integrity,To prevent data corruption and maintain a consistent financial state.,NFR,Reliability
"The system must perform automated, full daily backups of its main database, and these backups must be stored in a separate geographic location.",System,Protect against catastrophic data loss,To enable data recovery in the event of a disaster or major failure.,NFR,Reliability
"In the event of a non-fatal error in a non-critical subsystem (e.g., a reporting service), the system should log the error and continue to operate without crashing.",System,Continue operating despite minor errors,To maximize uptime and prevent a single component failure from bringing down the entire system.,NFR,Reliability
The system must validate all data inputs against a defined schema on the server-side to ensure data integrity and prevent corruption.,System,Maintain data integrity at the source,To prevent corrupted or invalid data from being saved to the database.,NFR,Reliability
The database schema must enforce referential integrity using foreign key constraints to ensure consistency between related data tables.,System,Ensure database referential integrity,To maintain the logical consistency of the data model.,NFR,Reliability
The system should have a mechanism to detect and gracefully handle database deadlocks without crashing the application.,System,Handle database deadlocks,To prevent processes from getting stuck and becoming unresponsive due to resource contention.,NFR,Reliability
The application must be able to recover gracefully to a consistent state after a sudden restart of the server or a power outage.,System,Recover gracefully from restarts,To minimize downtime and ensure data consistency after an unexpected reboot.,NFR,Reliability
"The system's background data processing jobs must be idempotent, meaning running them multiple times on the same input has the same effect as running them once.",System,Ensure jobs are idempotent,To prevent duplicate data or incorrect states if a job is accidentally rerun due to a failure.,NFR,Reliability
"The system shall have a mean time between failures (MTBF) for its critical services of at least 1,000 hours of continuous operation.",System,Be highly reliable over time,To minimize the frequency of unexpected outages and service interruptions.,NFR,Reliability
"All critical system operations (e.g., financial transactions, user authentication) must be logged with sufficient detail to allow for post-mortem analysis of any failures.",System,Log critical operations for failure analysis,To help developers diagnose and fix bugs and other issues that cause failures.,NFR,Reliability
The system should implement a connection pooling mechanism for database access to manage connections efficiently and reliably under load.,System,Manage database connections reliably,To improve performance and prevent failures due to connection exhaustion.,NFR,Reliability
"The application must handle network connection failures to external services (e.g., APIs, databases) gracefully with retries and eventual failure messages, without crashing.",System,Be resilient to network failures,To ensure stability in environments with unreliable network connectivity.,NFR,Reliability
The system's error handling logic must not leak sensitive stack trace information to the end-user in production environments.,System,Handle errors securely and reliably,To prevent exposing internal system details that could be exploited by attackers.,NFR,Reliability
Any data synchronization process between two systems must have a mechanism to detect and resolve conflicts automatically where possible.,System,Resolve data synchronization conflicts,To maintain data consistency across distributed systems.,NFR,Reliability
"The system must have a robust, global exception handling framework to catch and manage unexpected errors that are not handled by specific code blocks.",System,Manage unexpected errors effectively,To prevent unhandled exceptions from crashing the application.,NFR,Reliability
The application's architecture must not have any single points of failure (SPOF) in its critical user-facing path.,System,Avoid single points of failure,To build a highly available and fault-tolerant system where one component failure does not cause an outage.,NFR,Reliability
The system must guarantee the order of message processing for business-critical workflows that rely on a message queue.,System,Guarantee message processing order,To ensure that business logic that depends on the sequence of events executes correctly.,NFR,Reliability
The system's data backup and restore procedures must be documented and tested successfully on a quarterly basis.,System,Ensure backups are restorable and reliable,To verify that the disaster recovery plan is effective and will work in a real emergency.,NFR,Reliability
"The application code should be free of memory leaks, with memory usage remaining stable under continuous load over a 24-hour period.",System,Be free of memory leaks,To ensure long-term stability and prevent performance degradation or crashes over time.,NFR,Reliability
"The system shall use checksums (e.g., SHA-256) to verify the integrity of large file transfers and downloads.",System,Verify file integrity after transfers,To detect and prevent data corruption during transmission.,NFR,Reliability
"In case of a temporary database connection failure, the system should attempt to reconnect automatically up to three times with exponential backoff before failing.",System,Reconnect to the database automatically,To recover from transient network issues without manual intervention.,NFR,Reliability
"The system must ensure that long-running, multi-step business processes are transactional and can be safely rolled back to a consistent state on failure.",System,Ensure long-running processes are transactional,To maintain a consistent data state even if a complex process fails midway.,NFR,Reliability
The application logic should be free of race conditions that could lead to data corruption or inconsistent states under concurrent user actions.,System,Be free of race conditions,To ensure correct and predictable behavior in a multi-threaded or concurrent environment.,NFR,Reliability
"The system shall provide mathematically accurate results for all its financial calculations, matching manual calculations to the cent.",System,Provide accurate calculations,To ensure the business logic is correct and trustworthy for financial operations.,NFR,Reliability
"The system must be designed to be fault-tolerant, where the failure of one non-critical microservice does not cause the entire application to become unavailable.",System,Be fault-tolerant to microservice failure,To maximize availability and robustness in a distributed architecture.,NFR,Reliability
The system should have health check endpoints that can be monitored by an external service to verify the status of the application and its key dependencies.,System,Provide reliable health check endpoints,To allow for automated monitoring and rapid detection of application failures.,NFR,Reliability
"The system must prevent resource exhaustion (e.g., disk space, memory, file handles) through proper monitoring, alerting, and resource management.",System,Prevent resource exhaustion,To ensure the stability and availability of the application by avoiding resource-related crashes.,NFR,Reliability
The application's state must remain consistent even in the face of multiple concurrent user actions on the same data resource.,System,Maintain state consistency under concurrency,To prevent data corruption and ensure reliable operation through mechanisms like optimistic locking.,NFR,Reliability
"The system must be deployed in a redundant configuration (e.g., active-passive cluster or multiple active nodes) across at least two servers to prevent a single server failure from causing an outage.",System,Have a redundant deployment,To provide high availability and failover capabilities for critical hardware failures.,NFR,Availability
"The time to recover from a critical system failure (Mean Time to Recovery, MTTR) must be less than 15 minutes.",Operations Team,Recover from failures quickly,To minimize the duration and business impact of any unplanned outages.,NFR,Availability
"The system shall be available for use 24 hours a day, 7 days a week, with a maximum of 4 hours of planned downtime per month for maintenance.",System,Be available 24/7 with minimal downtime,To support a global user base or continuous operations with predictable maintenance windows.,NFR,Availability
All scheduled maintenance that requires application downtime must be communicated to all users at least 48 hours in advance.,System,Communicate scheduled downtime to users,To minimize disruption to users' work by allowing them to plan around the outage.,NFR,Availability
The system must support zero-downtime deployments for routine application updates and minor bug fixes.,Developer,Deploy updates without interrupting users,To allow the application to be updated frequently without interrupting service for users.,NFR,Availability
"The application's production environment must be hosted in a data center that has redundant power, cooling, and network connectivity.",System,Be hosted in a reliable data center,To protect against outages caused by common physical infrastructure failures.,NFR,Availability
The system's load balancer must be configured to automatically detect and redirect traffic away from unhealthy server instances within 30 seconds of failure detection.,System,Automatically redirect traffic from unhealthy instances,To maintain service availability for users even if some application servers fail.,NFR,Availability
"The system's current availability status and any ongoing incidents must be clearly reported on a public, externally hosted status page.",User,Be informed of the system's status,To keep users and stakeholders informed about the availability of the service and provide transparency.,NFR,Availability
The system must have a documented disaster recovery plan (DRP) to restore service in a different geographic region in case of a major data center outage.,System,Have a disaster recovery plan,To ensure business continuity in the face of large-scale outages like natural disasters.,NFR,Availability
"The application must be reachable from the public internet at all times, outside of planned maintenance windows.",User,Access the application from the internet,To be accessible to its intended users without network barriers.,NFR,Availability
The system's integrations with critical external services must include timeouts and circuit breakers to prevent cascading failures if an external service becomes unavailable.,System,Prevent cascading failures from external services,To maintain the availability of the core application even if a dependency is down.,NFR,Availability
The process for failing over to a standby system in a disaster recovery scenario must be automated and take no more than 1 hour to complete.,Operations Team,Have a fast and automated failover process,To minimize the downtime experienced by users during a major disaster.,NFR,Availability
The application architecture must not have any single point of failure (SPOF) in its critical path for user requests.,System,Eliminate single points of failure,To build a resilient and highly available architecture.,NFR,Availability
The application's uptime and availability metrics must be continuously tracked and reported to stakeholders on a monthly basis.,Management,Track and report availability metrics,To measure performance against availability goals and identify long-term trends.,NFR,Availability
"The deployment process must be easily reversible, allowing for a quick rollback to a previous stable version within 5 minutes in case a new deployment causes availability issues.",Developer,Have a reversible deployment process,To quickly recover from faulty deployments that impact system availability.,NFR,Availability
"The system should gracefully handle the temporary unavailability of non-critical third-party services (e.g., analytics or logging) without impacting core user functionality.",System,Handle unavailability of non-critical services gracefully,To prevent minor external issues from impacting the core application's availability.,NFR,Availability
The application must be able to be taken down for planned maintenance and brought back up without any data loss or corruption.,System,Support maintenance without data loss,To ensure the integrity of user data during planned system upgrades.,NFR,Availability
The system's production infrastructure must be provisioned across at least two separate availability zones (AZs) within a cloud provider's region.,System,Use multiple availability zones,To protect against the failure of an entire single data center.,NFR,Availability
The system's DNS records should have a low Time to Live (TTL) of 5 minutes to facilitate rapid failover to a disaster recovery site during an emergency.,Operations Team,Have a low DNS TTL for failover,To minimize the time it takes to redirect users to a new IP address during a major outage.,NFR,Availability
The system should have sufficient server capacity to handle a 50% increase in normal peak load over the baseline without affecting availability.,System,Have sufficient capacity for load increases,To ensure the system remains available and performant as the user base grows.,NFR,Availability
The application must be configured to start up automatically after a server reboot without requiring manual intervention.,System,Start automatically on server reboot,To ensure service is restored as quickly as possible after an unexpected server restart.,NFR,Availability
"The system's critical alerts for 'system down' events must be configured to notify an on-call engineer 24/7 via multiple channels (e.g., SMS, phone call).",On-call Engineer,Receive critical alerts reliably,To ensure immediate attention to problems seriously affecting system availability.,NFR,Availability
"The backup restoration process, as part of the disaster recovery plan, must be fully documented and successfully tested at least semi-annually.",Operations Team,Have a tested backup restoration process,To ensure that the disaster recovery plan is viable,NFR,Availability
"The application's source code must be well-documented, with comments explaining complex algorithms, business logic, and non-obvious code sections.",Developer,Understand the source code,To facilitate easier maintenance,NFR,Availability
"The system shall be built using a modular, service-oriented architecture, where components are loosely coupled and can be modified or replaced independently.",Developer,Modify components independently,To allow for changes to be made to one part of the system without negatively impacting others.,NFR,Maintainability
"The application's code must adhere to a publicly documented, consistent coding style and set of best practices (e.g., PEP 8 for Python, Prettier for JavaScript).",Developer,Read and understand the code easily,To improve code readability and reduce the cognitive load for developers.,NFR,Maintainability
"The system must have a comprehensive suite of automated tests, achieving at least 80% code coverage for unit tests and 90% for critical path integration tests.",Developer,Make changes confidently without breaking existing functionality,To ensure code quality,NFR,Maintainability
The process for setting up a local development environment for a new developer must be automated with a single script and take no more than 30 minutes.,New Developer,Set up a local development environment quickly,To reduce the time it takes for new team members to become productive.,NFR,Maintainability
The application should not contain duplicated code; common functionalities must be extracted into shared libraries or helper functions (DRY principle).,Developer,Avoid code duplication,To make the codebase easier to maintain,NFR,Maintainability
"The system's dependencies on third-party libraries and frameworks must be clearly defined and managed using a standard package manager (e.g., npm, Maven, pip).",Developer,Manage third-party dependencies effectively,To ensure a reproducible build process and simplify the process of updating dependencies.,NFR,Maintainability
The application's build and deployment process must be fully automated through a continuous integration/continuous deployment (CI/CD) pipeline.,Developer,Deploy the application easily and reliably,To reduce the risk of human error during deployments and speed up the release cycle.,NFR,Maintainability
"The system must provide a structured logging framework that logs meaningful, filterable information about events and errors in a consistent format (e.g., JSON).",Developer,Debug issues in production,To help diagnose and troubleshoot problems that occur outside of the development environment.,NFR,Maintainability
"The application's architecture must be clearly documented using diagrams (e.g., C4 model) and descriptions of the major components and their interactions.",Architect,Understand the system's architecture,To facilitate architectural reviews and guide future development in a consistent manner.,NFR,Maintainability
"The code should be organized into logical modules or packages based on features or functionality, not technical layers.",Developer,Find relevant code easily,To improve the navigability and comprehensibility of the codebase.,NFR,Maintainability
"The system should be designed to be extensible, allowing for new features to be added with minimal changes to existing, stable code (Open/Closed Principle).",Developer,Add new features easily,To reduce the cost,NFR,Maintainability
"All database schema changes must be managed through an automated migration tool (e.g., Flyway, Alembic) that is version-controlled.",Developer,Manage database schema changes safely,To ensure that database changes are version-controlled,NFR,Maintainability
"The application should avoid using third-party libraries that are deprecated, unmaintained, or have known critical security vulnerabilities.",Developer,Ensure the long-term viability of the system,To avoid being stuck with unmaintained dependencies that may have security flaws or bugs.,NFR,Maintainability
"The system's configuration values (e.g., API keys, database URLs) must be stored externally from the application code, following the 12-factor app methodology.",Operations Engineer,Configure the application for different environments,To allow the same application artifact to be deployed to dev,NFR,Maintainability
"The code should have a high level of automated test coverage, with a goal of over 85% for business logic modules.",Developer,Be confident in the correctness of the code,To provide a safety net that catches bugs early in the development process.,NFR,Maintainability
The system must be instrumented with application performance monitoring (APM) metrics that provide visibility into its performance and behavior in production.,Developer,Monitor the application's health,To proactively identify and address issues like performance bottlenecks before they impact users.,NFR,Maintainability
"The application should have a clear, consistent, and documented error handling strategy across all modules and services.",Developer,Handle errors consistently,To make the code more predictable,NFR,Maintainability
"The functions and methods in the code should be small, have a single responsibility, and be less than 50 lines long.",Developer,Understand and test individual units of code,To improve code clarity,NFR,Maintainability
"The system should be easy to debug, with support for source maps in production for front-end code and the ability to easily attach a debugger in a development environment.",Developer,Find and fix bugs efficiently,To reduce the time spent on troubleshooting and resolving issues.,NFR,Maintainability
"The technology stack used by the application should be well-supported, have a strong community, and not be considered 'end-of-life' for at least 3 years.",Architect,Ensure the long-term maintainability of the stack,To ensure access to security patches,NFR,Maintainability
"The system's release process, including versioning and release notes, should be documented and easy for any developer on the team to follow.",Developer,Release new versions of the application consistently,To ensure smooth and consistent releases regardless of who is performing the release.,NFR,Maintainability
The codebase should not contain any 'magic numbers' or hard-coded strings; these should be defined as named constants for clarity.,Developer,Understand the meaning of values in the code,To improve readability and make the code easier to update by changing a single constant.,NFR,Maintainability
"The system's public API must be well-documented using the OpenAPI (Swagger) specification, with examples for each endpoint.",Developer,Understand and use the system's API,To facilitate integration with other systems and provide a clear contract for API consumers.,NFR,Maintainability
"The code should be designed to be backward compatible when making changes to the API or database schema, avoiding breaking changes where possible.",Developer,Evolve the system without breaking existing clients,To allow for gradual updates and avoid forcing all consumers to update at once.,NFR,Maintainability
The system's core business logic should be decoupled from the framework-specific code to allow for easier framework upgrades in the future.,Architect,Allow for easier technology upgrades,To reduce the cost and effort of migrating to a new version of a web framework or library.,NFR,Maintainability
"The application must follow principles of defensive programming, validating inputs from all external systems and not trusting incoming data.",Developer,Build a robust and maintainable application,To prevent unexpected inputs from causing failures or security vulnerabilities.,NFR,Maintainability
The system's continuous integration (CI) pipeline should run automatically on every code commit and complete in under 10 minutes.,Developer,Get fast feedback on code changes,To catch integration issues and bugs as early as possible without slowing down the development loop.,NFR,Maintainability
"The complexity of the code, as measured by tools that calculate cyclomatic complexity, should be kept low, with no single function scoring above 15.",Developer,Reason about the code's logic,To make the code easier to understand,NFR,Maintainability
"The web application must render correctly and be fully functional on the latest stable versions of Google Chrome, Mozilla Firefox, Microsoft Edge, and Safari.",User,Use the application on their preferred modern browser,To provide a consistent and reliable experience for the vast majority of web users.,NFR,Portability
The server-side application must be able to run without modification on both Linux (Ubuntu 20.04+) and Windows Server (2019+) operating systems.,Operations Engineer,Deploy the application on different operating systems,To provide flexibility in hosting options and infrastructure choices.,NFR,Portability
"The mobile application must be compatible with iOS version 15 and higher, and Android version 11 (API level 30) and higher.",User,Use the application on their modern mobile device,To support the majority of the mobile user base and ensure access to modern OS features.,NFR,Portability
"The system's data export format for user data must be a platform-independent, standard format like JSON or CSV.",User,Use their exported data in other applications,To ensure interoperability and allow users to easily migrate their data to other tools.,NFR,Portability
"The application must be able to connect to different SQL database systems (e.g., PostgreSQL 13+, MySQL 8+) through a configurable data access layer.",Developer,Switch database vendors if necessary,To avoid vendor lock-in and allow for flexibility in the database technology based on cost or features.,NFR,Portability
"The system's desktop client application must be available for Windows 10+, macOS 11+, and Ubuntu 20.",4+.,User,Use the desktop application on their operating system,NFR,Portability
"The application should be deployable in different major cloud environments (AWS, Azure, GCP) with only configuration changes, not code changes.",DevOps Engineer,Deploy the application to different cloud providers,To avoid being locked into a single cloud vendor and to enable multi-cloud or hybrid-cloud strategies.,NFR,Portability
The system must use UTF-8 character encoding for all data storage and transmission to support international character sets.,International User,Enter and view text in their native language,To ensure the application can correctly handle data from a global user base.,NFR,Portability
"The application must not rely on browser-specific plugins that are not universally available, such as Adobe Flash, Java applets, or Silverlight.",User,Use the application without installing special plugins,To ensure compatibility with modern browsers,NFR,Portability
"The system's REST API must follow standard HTTP conventions (e.g., using standard verbs, status codes) to be easily consumable by any standard HTTP client library.",Developer,Integrate with the API using standard tools,To ensure broad compatibility and ease of integration across different programming languages.,NFR,Portability
"The application must be able to run in a containerized environment using Docker, with a provided Dockerfile for building the image.",DevOps Engineer,Deploy and manage the application using containers,To improve portability,NFR,Portability
"The system should not make hardcoded assumptions about the file system structure of the host it runs on (e.g., paths like 'C:\logs').",Developer,Run the application in different environments,To ensure the application can be deployed on various server configurations without code changes.,NFR,Portability
"The application must be able to be installed and run on a standard developer laptop (Windows, macOS, or Linux) for development and testing purposes.",Developer,Run and test the application locally,To facilitate an efficient and portable development workflow for all team members.,NFR,Portability
"The user interface must be responsive and adapt to various screen resolutions, from a 1024x768 laptop screen to a 4K desktop display.",User,Have a good viewing experience on their monitor,To ensure the UI is usable and aesthetically pleasing across different common display sizes.,NFR,Portability
"The system's configuration files should use a standard, portable format like YAML or JSON that is human-readable and machine-parsable.",Operations Engineer,Manage configuration in a standard way,To ensure that configuration is easy to read,NFR,Portability
The application must not depend on a specific hardware architecture; it must be able to run on both x86-64 and ARM64 architectures.,Operations Engineer,Deploy the application on different hardware,To provide flexibility in server infrastructure choices and support modern,NFR,Portability
The system should be able to operate from within a corporate network that uses a standard HTTP/S proxy for outbound internet access.,Corporate User,Use the application from a corporate network,To ensure accessibility for users in enterprise environments with network restrictions.,NFR,Portability
"The application's generated reports must be in a portable format like PDF, which is viewable on any device with a standard PDF reader.",User,View reports on any device,To provide a seamless and accessible user experience for viewing and sharing data.,NFR,Portability
"The system's build scripts must be platform-agnostic, able to be executed on Windows, macOS, and Linux development machines without modification.",Developer,Build the project on their development machine of choice,To ensure a consistent and reliable build process for all team members,NFR,Portability
"The application must not rely on proprietary, single-vendor APIs or technologies that would make it difficult to migrate to an alternative in the future.",Architect,Maintain architectural flexibility,To avoid being locked into a specific vendor's ecosystem and maintain negotiating power.,NFR,Portability
"The system's end-user license agreement (EULA) must be legally reviewed for compatibility with the requirements of major international markets (e.g., USA, EU).",Legal Team,Ensure global legal compliance,To allow the software to be distributed internationally without facing legal challenges.,NFR,Portability
"The application must be able to handle different date, time, and currency formats based on the user's specified locale settings.",International User,See dates and currencies in their local format,To provide a localized and intuitive experience for a global audience.,NFR,Portability
The system's mobile app must be installable through the official Apple App Store and Google Play Store on supported devices.,User,Download the app from a trusted source,To ensure a secure and standardized distribution method for the mobile application.,NFR,Portability
"The system should be able to integrate with different email service providers (e.g., SendGrid, Amazon SES) through a common, configurable interface.",Developer,Switch email service providers,To allow for flexibility and cost optimization in email delivery services without code changes.,NFR,Portability
The application's generated HTML must be compliant with the HTML5 standard as validated by the W3C validator.,Web Developer,Ensure browser compatibility and future-proofing,To guarantee that the application renders predictably across all modern,NFR,Portability
The system must be able to run on a virtual machine (VM) in a cloud environment without any degradation in functionality compared to running on bare metal.,Operations Engineer,Run the application in a virtualized environment,To leverage the benefits of virtualization for deployment,NFR,Portability
The application should not require administrator or 'root' privileges to run on the host operating system.,Operations Engineer,Run the application with standard user permissions,To enhance security by following the principle of least privilege.,NFR,Portability
"The system must be compatible with the two most recent versions of common screen readers (e.g., JAWS, NVDA) for accessibility.",User with visual impairments,Use the application with a screen reader,To ensure the application is accessible to and usable by users with visual disabilities.,NFR,Portability
The core services of the application shall maintain a measured uptime of 99.,% (three nines) during standard business hours (9 AM - 5 PM,Mon-Fri).,User,NFR,Portability
"The system must be deployed in a redundant configuration (e.g., active-passive cluster or multiple active nodes) across at least two servers to prevent a single server failure from causing an outage.",System,Have a redundant deployment,To provide high availability and failover capabilities for critical hardware failures.,NFR,Availability
"The time to recover from a critical system failure (Mean Time to Recovery, MTTR) must be less than 15 minutes.",Operations Team,Recover from failures quickly,To minimize the duration and business impact of any unplanned outages.,NFR,Availability
"The system shall be available for use 24 hours a day, 7 days a week, with a maximum of 4 hours of planned downtime per month for maintenance.",System,Be available 24/7 with minimal downtime,To support a global user base or continuous operations with predictable maintenance windows.,NFR,Availability
All scheduled maintenance that requires application downtime must be communicated to all users at least 48 hours in advance.,System,Communicate scheduled downtime to users,To minimize disruption to users' work by allowing them to plan around the outage.,NFR,Availability
The system must support zero-downtime deployments for routine application updates and minor bug fixes.,Developer,Deploy updates without interrupting users,To allow the application to be updated frequently without interrupting service for users.,NFR,Availability
"The application's production environment must be hosted in a data center that has redundant power, cooling, and network connectivity.",System,Be hosted in a reliable data center,To protect against outages caused by common physical infrastructure failures.,NFR,Availability
The system's load balancer must be configured to automatically detect and redirect traffic away from unhealthy server instances within 30 seconds of failure detection.,System,Automatically redirect traffic from unhealthy instances,To maintain service availability for users even if some application servers fail.,NFR,Availability
The production database must be deployed in a high-availability cluster with automatic failover to a standby node within 60 seconds.,System,Have a high-availability database cluster,To ensure the database,NFR,Availability
"The system's current availability status and any ongoing incidents must be clearly reported on a public, externally hosted status page.",User,Be informed of the system's status,To keep users and stakeholders informed about the availability of the service and provide transparency.,NFR,Availability
The system must have a documented disaster recovery plan (DRP) to restore service in a different geographic region in case of a major data center outage.,System,Have a disaster recovery plan,To ensure business continuity in the face of large-scale outages like natural disasters.,NFR,Availability
"The application must be reachable from the public internet at all times, outside of planned maintenance windows.",User,Access the application from the internet,To be accessible to its intended users without network barriers.,NFR,Availability
"The system must be monitored 24/7 by an automated service for availability issues, with automated alerts sent to the on-call engineering team within 1 minute of a detected outage.",Operations Team,Get alerted to outages immediately,To enable a rapid response to any service interruptions,NFR,Availability
The system's integrations with critical external services must include timeouts and circuit breakers to prevent cascading failures if an external service becomes unavailable.,System,Prevent cascading failures from external services,To maintain the availability of the core application even if a dependency is down.,NFR,Availability
The system's infrastructure should be scalable using auto-scaling groups to handle unexpected surges in traffic without becoming unavailable.,System,Be scalable to handle traffic surges,To remain available and performant during periods of high,NFR,Availability
The process for failing over to a standby system in a disaster recovery scenario must be automated and take no more than 1 hour to complete.,Operations Team,Have a fast and automated failover process,To minimize the downtime experienced by users during a major disaster.,NFR,Availability
The application architecture must not have any single point of failure (SPOF) in its critical path for user requests.,System,Eliminate single points of failure,To build a resilient and highly available architecture.,NFR,Availability
The application's uptime and availability metrics must be continuously tracked and reported to stakeholders on a monthly basis.,Management,Track and report availability metrics,To measure performance against availability goals and identify long-term trends.,NFR,Availability
"The deployment process must be easily reversible, allowing for a quick rollback to a previous stable version within 5 minutes in case a new deployment causes availability issues.",Developer,Have a reversible deployment process,To quickly recover from faulty deployments that impact system availability.,NFR,Availability
"The system should gracefully handle the temporary unavailability of non-critical third-party services (e.g., analytics or logging) without impacting core user functionality.",System,Handle unavailability of non-critical services gracefully,To prevent minor external issues from impacting the core application's availability.,NFR,Availability
The application must be able to be taken down for planned maintenance and brought back up without any data loss or corruption.,System,Support maintenance without data loss,To ensure the integrity of user data during planned system upgrades.,NFR,Availability
The system's production infrastructure must be provisioned across at least two separate availability zones (AZs) within a cloud provider's region.,System,Use multiple availability zones,To protect against the failure of an entire single data center.,NFR,Availability
The system's DNS records should have a low Time to Live (TTL) of 5 minutes to facilitate rapid failover to a disaster recovery site during an emergency.,Operations Team,Have a low DNS TTL for failover,To minimize the time it takes to redirect users to a new IP address during a major outage.,NFR,Availability
The system should have sufficient server capacity to handle a 50% increase in normal peak load over the baseline without affecting availability.,System,Have sufficient capacity for load increases,To ensure the system remains available and performant as the user base grows.,NFR,Availability
The application must be configured to start up automatically after a server reboot without requiring manual intervention.,System,Start automatically on server reboot,To ensure service is restored as quickly as possible after an unexpected server restart.,NFR,Availability
"The system's critical alerts for 'system down' events must be configured to notify an on-call engineer 24/7 via multiple channels (e.g., SMS, phone call).",On-call Engineer,Receive critical alerts reliably,To ensure immediate attention to problems seriously affecting system availability.,NFR,Availability
"The backup restoration process, as part of the disaster recovery plan, must be fully documented and successfully tested at least semi-annually.",Operations Team,Have a tested backup restoration process,To ensure that the disaster recovery plan is viable,NFR,Availability
The system shall have a Service Level Objective (SLO) of 99.,5% monthly uptime,measured by an external monitoring tool.,System,NFR,Availability
The system's load balancer itself must be deployed in a high-availability pair.,System,Ensure the load balancer is highly available,To prevent the load balancer from becoming a single point of failure.,NFR,Availability
"The application must have a 'read-only' mode that can be enabled during database maintenance, allowing users to view data but not make changes.",System,Support a read-only mode,To maximize availability for read operations even when write operations are disabled.,NFR,Availability
The system's messaging queue must be clustered for high availability.,System,Ensure the message queue is highly available,To prevent loss of asynchronous tasks and system events if a broker fails.,NFR,Availability
The system must be designed to withstand the failure of an entire availability zone and still remain operational.,System,Be resilient to an AZ failure,To provide a high level of fault tolerance in a cloud environment.,NFR,Availability
"The application's cache layer (e.g., Redis) must be configured in a high-availability setup.",System,Ensure the cache layer is highly available,To prevent performance degradation or failures if the caching service is interrupted.,NFR,Availability
The system's API gateway must have a 99.,9% uptime SLA.,System,Ensure the API gateway is highly available,NFR,Availability
The system must have automated health checks that can automatically remove a failing node from service.,System,Have automated health checks and remediation,To provide self-healing capabilities and reduce manual intervention for common failures.,NFR,Availability
"The system's network infrastructure must be redundant, with no single point of failure in switches, routers, or firewalls.",System,Have a redundant network infrastructure,To protect against network hardware failures causing an outage.,NFR,Availability
The system must be able to handle a planned failover to the disaster recovery site with less than 30 minutes of downtime.,Operations Team,Perform a planned failover with minimal downtime,To test disaster recovery procedures without significant impact to users.,NFR,Availability
"The system must be able to operate in a degraded mode if a non-essential service fails, rather than failing completely.",System,Operate in a degraded mode,To maintain core functionality for users even when secondary features are unavailable.,NFR,Availability
The system's authentication service must have a 99.,9% availability,as it is a critical dependency for all users.,System,NFR,Availability
The system must have a process for capacity planning to ensure that resources are added proactively before they become a bottleneck affecting availability.,Operations Team,Perform regular capacity planning,To prevent performance degradation and availability issues caused by resource saturation.,NFR,Availability
The system must have a clear and documented on-call rotation and escalation policy for availability incidents.,Operations Team,Have a clear on-call and escalation policy,To ensure that availability issues are addressed by the right people in a timely manner.,NFR,Availability
The system must have a 'post-mortem' process for every high-severity availability incident.,Engineering Team,Conduct post-mortems for incidents,To learn from failures and implement preventative measures to improve availability over time.,NFR,Availability
The system must be able to be rolled back to a previous version within 10 minutes if a new deployment causes a critical availability issue.,Operations Team,Perform rapid rollbacks of faulty deployments,To minimize the impact of a bad deployment on system availability.,NFR,Availability
The system's storage volumes must have a durability of 99.,99999999% (11 nines).,System,Ensure high data durability,NFR,Availability
The system must have a process for regularly reviewing and updating its disaster recovery plan.,Operations Team,Regularly review the disaster recovery plan,To ensure that the plan remains current and effective as the system evolves.,NFR,Availability
"The system must be designed to avoid cascading failures, where the failure of one component triggers the failure of others.",System,Avoid cascading failures,To contain the impact of a failure to a single component and maintain overall system availability.,NFR,Availability
"The system's public DNS must be managed by a highly available, global DNS provider.",System,Use a highly available DNS provider,To ensure that users can always resolve the application's domain name.,NFR,Availability
The system must have a clear definition of what constitutes an 'outage' or 'downtime' for measurement purposes.,System,Define 'downtime' clearly,To ensure that availability metrics are measured and reported consistently.,NFR,Availability
"The system must have a process for communicating with users during an extended outage, providing regular updates on the status and expected resolution time.",Support Team,Communicate with users during an outage,To manage user expectations and reduce frustration during a service interruption.,NFR,Availability
The system must be able to handle a 20% growth in concurrent users over a 6-month period without a decrease in availability.,System,Scale to support user growth,To ensure the system remains available as it becomes more popular.,NFR,Availability
The system's real-time notification service must have a 99.,5% availability.,System,Ensure the notification service is highly available,NFR,Availability
"The system must be designed to be stateless where possible, to facilitate easier scaling and improve availability.",System,Be stateless where possible,To allow for seamless traffic distribution across multiple instances without session affinity.,NFR,Availability
The system's search service must be independently available from the main application.,System,Ensure the search service is independently available,To allow users to search for information even if other parts of the application are experiencing issues.,NFR,Availability
The system must have a process for regularly patching the operating system and application dependencies to prevent vulnerabilities that could be exploited to cause an outage.,Operations Team,Regularly patch the system,To improve security and prevent availability issues caused by known exploits.,NFR,Availability
The system must have a process for load testing before major releases to identify performance bottlenecks that could affect availability under load.,QA Team,Load test before major releases,To ensure that new features do not negatively impact the system's availability.,NFR,Availability
The system must have a process for reviewing and approving all changes to the production environment to minimize the risk of changes causing an outage.,Change Management Board,Review all production changes,To provide oversight and prevent unplanned availability impacts.,NFR,Availability
The system must have a 'maintenance mode' page that can be enabled to inform users of planned downtime.,Operations Team,Have a user-friendly maintenance mode page,To provide a better user experience than a generic error page during planned maintenance.,NFR,Availability
The system's database backups must be encrypted to protect the data in case of a backup storage breach.,System,Encrypt database backups,To enhance the security of data at rest and ensure availability of secure data for restoration.,NFR,Availability
The system must have a process for monitoring the availability of its critical third-party dependencies.,System,Monitor third-party dependency availability,To be aware of and able to respond to outages caused by external services.,NFR,Availability
"The system's deployment scripts must be idempotent, meaning they can be run multiple times without changing the result beyond the initial application.",Developer,Have idempotent deployment scripts,To ensure that rerunning a failed deployment does not cause further availability issues.,NFR,Availability
The system must have a process for managing and rotating SSL/TLS certificates to prevent them from expiring and causing an outage.,Operations Team,Manage and rotate SSL/TLS certificates,To ensure continuous,NFR,Availability
The system must have a process for managing and monitoring disk space to prevent it from running out and causing an outage.,Operations Team,Monitor disk space,To proactively address storage issues before they impact availability.,NFR,Availability
The system must have a process for managing and monitoring memory usage to prevent out-of-memory errors from causing an outage.,Operations Team,Monitor memory usage,To proactively address memory issues before they impact availability.,NFR,Availability
The system must have a process for managing and monitoring CPU usage to prevent high CPU from causing an outage.,Operations Team,Monitor CPU usage,To proactively address performance issues before they impact availability.,NFR,Availability
The system must have a process for managing and monitoring network bandwidth to prevent network saturation from causing an outage.,Operations Team,Monitor network bandwidth,To proactively address network issues before they impact availability.,NFR,Availability
The system must have a process for managing and monitoring the number of available database connections to prevent connection exhaustion from causing an outage.,Operations Team,Monitor database connections,To proactively address database issues before they impact availability.,NFR,Availability
The system must have a process for managing and monitoring the number of available file handles to prevent file handle exhaustion from causing an outage.,Operations Team,Monitor file handles,To proactively address OS-level resource issues before they impact availability.,NFR,Availability
The system must have a process for managing and monitoring the number of available threads to prevent thread exhaustion from causing an outage.,Operations Team,Monitor available threads,To proactively address application-level resource issues before they impact availability.,NFR,Availability
The system must have a process for managing and monitoring the number of available licenses for any third-party software to prevent license exhaustion from causing an outage.,Operations Team,Monitor software licenses,To ensure the application remains compliant and available.,NFR,Availability
The system must have a process for managing and monitoring the expiration of domain names to prevent them from expiring and causing an outage.,Operations Team,Monitor domain name expiration,To ensure the application's public address remains valid.,NFR,Availability
The system must have a process for managing and monitoring the health of its load balancer.,Operations Team,Monitor load balancer health,To ensure that traffic is being distributed correctly and the load balancer is not a point of failure.,NFR,Availability
The system must have a process for managing and monitoring the health of its cache layer.,Operations Team,Monitor cache layer health,To ensure that the cache is operating correctly and not causing performance or availability issues.,NFR,Availability
The system must have a process for managing and monitoring the health of its message queue.,Operations Team,Monitor message queue health,To ensure that asynchronous tasks are being processed correctly and not backing up.,NFR,Availability
The system must have a process for managing and monitoring the health of its search service.,Operations Team,Monitor search service health,To ensure that search functionality remains available and performant.,N'FR,Availability
The system must have a process for managing and monitoring the health of its authentication service.,Operations Team,Monitor authentication service health,To ensure that users can always log in to the application.,NFR,Availability
The system must have a process for managing and monitoring the health of its payment gateway integration.,Operations Team,Monitor payment gateway health,To ensure that payment processing remains available and reliable.,NFR,Availability
The system must have a process for managing and monitoring the health of its email service integration.,Operations Team,Monitor email service health,To ensure that transactional emails are being sent and received reliably.,NFR,Availability
The system must have a process for managing and monitoring the health of its storage service.,Operations Team,Monitor storage service health,To ensure that files and other data can be stored and retrieved reliably.,NFR,Availability
The system must have a process for managing and monitoring the health of its database.,Operations Team,Monitor database health,To ensure that the database is available and performant.,NFR,Availability
The system must have a process for managing and monitoring the health of its API gateway.,Operations Team,Monitor API gateway health,To ensure that the entry point to the system's services is available and performant.,NFR,Availability
The system must have a process for managing and monitoring the health of its DNS service.,Operations Team,Monitor DNS service health,To ensure that the application's domain name can be resolved by users.,NFR,Availability
The system must have a process for managing and monitoring the health of its CDN service.,Operations Team,Monitor CDN service health,To ensure that static assets are being served correctly and efficiently.,NFR,Availability
The system must have a process for managing and monitoring the health of its web servers.,Operations Team,Monitor web server health,To ensure that the application servers are running correctly and serving requests.,NFR,Availability
The system must have a process for managing and monitoring the health of its application servers.,Operations Team,Monitor application server health,To ensure that the application logic is executing correctly and efficiently.,NFR,Availability
The system must have a process for managing and monitoring the health of its batch processing jobs.,Operations Team,Monitor batch job health,To ensure that background tasks are completing successfully and in a timely manner.,NFR,Availability
The system must have a process for managing and monitoring the health of its data ingestion pipeline.,Operations Team,Monitor data ingestion health,To ensure that data is being collected and processed reliably.,NFR,Availability
The system must have a process for managing and monitoring the health of its data replication processes.,Operations Team,Monitor data replication health,To ensure that data is being correctly replicated for high availability and disaster recovery.,NFR,Availability
The system must have a process for managing and monitoring the health of its backup and restore processes.,Operations Team,Monitor backup and restore health,To ensure that data can be reliably backed up and restored in case of a failure.,NFR,Availability
The system must have a process for managing and monitoring the health of its security services.,Operations Team,Monitor security service health,To ensure that security controls are in place and functioning correctly.,NFR,Availability
The system must have a process for managing and monitoring the health of its logging and monitoring services.,Operations Team,Monitor logging and monitoring health,To ensure that the systems used to monitor availability are themselves available.,NFR,Availability
"The system must be designed for graceful degradation, where non-critical features become unavailable before core features during high load.",System,Degrade gracefully under load,To maintain the availability of essential functions during traffic spikes.,NFR,Availability
The system's client-side application must be able to function in a read-only mode if the server becomes unavailable for writes.,System,Support client-side read-only mode,To provide a better user experience during partial outages.,NFR,Availability
The system must have a process for performing 'chaos engineering' experiments to proactively identify and fix availability weaknesses.,Engineering Team,Perform chaos engineering,To improve system resilience by intentionally injecting failures in a controlled environment.,NFR,Availability
The system must have a process for blue-green deployments to minimize the risk and downtime of new releases.,Operations Team,Use blue-green deployments,To enable instant rollback and reduce the availability impact of a faulty deployment.,NFR,Availability
"The system's critical infrastructure must be defined as 'Infrastructure as Code' (e.g., using Terraform, CloudFormation).",Operations Team,Use Infrastructure as Code,To ensure that infrastructure is reproducible,NFR,Availability
The system must have a process for regularly reviewing and optimizing its resource allocation to ensure it has enough capacity for availability.,Operations Team,Review and optimize resource allocation,To prevent resource constraints from causing availability issues.,NFR,Availability
The system's network access control lists (ACLs) and firewall rules must be designed to be highly available.,System,Have highly available network controls,To prevent network configuration from becoming a single point of failure.,NFR,Availability
The system must have a process for ensuring that its disaster recovery environment is kept in sync with the production environment.,Operations Team,Keep DR environment in sync,To ensure that the DR site is ready to take over with minimal data loss.,NFR,Availability
The system must have a process for automatically scaling down resources during off-peak hours to reduce costs without impacting availability.,System,Automatically scale down resources,To optimize costs while maintaining the ability to scale up quickly to meet demand.,NFR,Availability
"The application's source code must be well-documented, with comments explaining complex algorithms, business logic, and non-obvious code sections.",Developer,Understand the source code,To facilitate easier maintenance,NFR,Maintainability
"The system shall be built using a modular, service-oriented architecture, where components are loosely coupled and can be modified or replaced independently.",Developer,Modify components independently,To allow for changes to be made to one part of the system without negatively impacting others.,NFR,Maintainability
"The application's code must adhere to a publicly documented, consistent coding style and set of best practices (e.g., PEP 8 for Python, Prettier for JavaScript).",Developer,Read and understand the code easily,To improve code readability and reduce the cognitive load for developers.,NFR,Maintainability
"The system must have a comprehensive suite of automated tests, achieving at least 80% code coverage for unit tests and 90% for critical path integration tests.",Developer,Make changes confidently without breaking existing functionality,To ensure code quality,NFR,Maintainability
The process for setting up a local development environment for a new developer must be automated with a single script and take no more than 30 minutes.,New Developer,Set up a local development environment quickly,To reduce the time it takes for new team members to become productive.,NFR,Maintainability
The application should not contain duplicated code; common functionalities must be extracted into shared libraries or helper functions (DRY principle).,Developer,Avoid code duplication,To make the codebase easier to maintain,NFR,Maintainability
"The system's dependencies on third-party libraries and frameworks must be clearly defined and managed using a standard package manager (e.g., npm, Maven, pip).",Developer,Manage third-party dependencies effectively,To ensure a reproducible build process and simplify the process of updating dependencies.,NFR,Maintainability
The application's build and deployment process must be fully automated through a continuous integration/continuous deployment (CI/CD) pipeline.,Developer,Deploy the application easily and reliably,To reduce the risk of human error during deployments and speed up the release cycle.,NFR,Maintainability
"The system must provide a structured logging framework that logs meaningful, filterable information about events and errors in a consistent format (e.g., JSON).",Developer,Debug issues in production,To help diagnose and troubleshoot problems that occur outside of the development environment.,NFR,Maintainability
"The application's architecture must be clearly documented using diagrams (e.g., C4 model) and descriptions of the major components and their interactions.",Architect,Understand the system's architecture,To facilitate architectural reviews and guide future development in a consistent manner.,NFR,Maintainability
"The code should be organized into logical modules or packages based on features or functionality, not technical layers.",Developer,Find relevant code easily,To improve the navigability and comprehensibility of the codebase.,NFR,Maintainability
"The system should be designed to be extensible, allowing for new features to be added with minimal changes to existing, stable code (Open/Closed Principle).",Developer,Add new features easily,To reduce the cost,NFR,Maintainability
"All database schema changes must be managed through an automated migration tool (e.g., Flyway, Alembic) that is version-controlled.",Developer,Manage database schema changes safely,To ensure that database changes are version-controlled,NFR,Maintainability
"The application should avoid using third-party libraries that are deprecated, unmaintained, or have known critical security vulnerabilities.",Developer,Ensure the long-term viability of the system,To avoid being stuck with unmaintained dependencies that may have security flaws or bugs.,NFR,Maintainability
"The system's configuration values (e.g., API keys, database URLs) must be stored externally from the application code, following the 12-factor app methodology.",Operations Engineer,Configure the application for different environments,To allow the same application artifact to be deployed to dev,NFR,Maintainability
"The code should have a high level of automated test coverage, with a goal of over 85% for business logic modules.",Developer,Be confident in the correctness of the code,To provide a safety net that catches bugs early in the development process.,NFR,Maintainability
The system must be instrumented with application performance monitoring (APM) metrics that provide visibility into its performance and behavior in production.,Developer,Monitor the application's health,To proactively identify and address issues like performance bottlenecks before they impact users.,NFR,Maintainability
"The application should have a clear, consistent, and documented error handling strategy across all modules and services.",Developer,Handle errors consistently,To make the code more predictable,NFR,Maintainability
"The functions and methods in the code should be small, have a single responsibility, and be less than 50 lines long.",Developer,Understand and test individual units of code,To improve code clarity,NFR,Maintainability
"The system should be easy to debug, with support for source maps in production for front-end code and the ability to easily attach a debugger in a development environment.",Developer,Find and fix bugs efficiently,To reduce the time spent on troubleshooting and resolving issues.,NFR,Maintainability
"The technology stack used by the application should be well-supported, have a strong community, and not be considered 'end-of-life' for at least 3 years.",Architect,Ensure the long-term maintainability of the stack,To ensure access to security patches,NFR,Maintainability
"The system's release process, including versioning and release notes, should be documented and easy for any developer on the team to follow.",Developer,Release new versions of the application consistently,To ensure smooth and consistent releases regardless of who is performing the release.,NFR,Maintainability
The codebase should not contain any 'magic numbers' or hard-coded strings; these should be defined as named constants for clarity.,Developer,Understand the meaning of values in the code,To improve readability and make the code easier to update by changing a single constant.,NFR,Maintainability
"The system's public API must be well-documented using the OpenAPI (Swagger) specification, with examples for each endpoint.",Developer,Understand and use the system's API,To facilitate integration with other systems and provide a clear contract for API consumers.,NFR,Maintainability
"The code should be designed to be backward compatible when making changes to the API or database schema, avoiding breaking changes where possible.",Developer,Evolve the system without breaking existing clients,To allow for gradual updates and avoid forcing all consumers to update at once.,NFR,Maintainability
The system's core business logic should be decoupled from the framework-specific code to allow for easier framework upgrades in the future.,Architect,Allow for easier technology upgrades,To reduce the cost and effort of migrating to a new version of a web framework or library.,NFR,Maintainability
"The application must follow principles of defensive programming, validating inputs from all external systems and not trusting incoming data.",Developer,Build a robust and maintainable application,To prevent unexpected inputs from causing failures or security vulnerabilities.,NFR,Maintainability
The system's continuous integration (CI) pipeline should run automatically on every code commit and complete in under 10 minutes.,Developer,Get fast feedback on code changes,To catch integration issues and bugs as early as possible without slowing down the development loop.,NFR,Maintainability
"The complexity of the code, as measured by tools that calculate cyclomatic complexity, should be kept low, with no single function scoring above 15.",Developer,Reason about the code's logic,To make the code easier to understand,NFR,Maintainability
The system must have a process for regularly reviewing and refactoring legacy code to improve its quality and maintainability.,Tech Lead,Improve legacy code over time,To reduce technical debt and make the system easier to work with in the long term.,NFR,Maintainability
"The system's code repository must have a clear and consistent branching strategy (e.g., GitFlow).",Developer,Collaborate on code effectively,To ensure a smooth and predictable process for developing features and fixing bugs.,NFR,Maintainability
The system must have a process for conducting peer code reviews for all changes before they are merged into the main branch.,Developer,Ensure high-quality code,To catch bugs,NFR,Maintainability
"The system's build process must be reproducible, meaning that given the same source code, it always produces the same binary artifact.",Developer,Have a reproducible build,"To eliminate ""works on my machine"" issues and ensure consistency between environments.",NFR,Maintainability
The system must not have any circular dependencies between its modules or services.,Architect,Maintain a clean dependency graph,To improve code organization,NFR,Maintainability
The system's major architectural decisions must be documented in a series of Architectural Decision Records (ADRs).,Architect,Understand the history of architectural decisions,To provide context for why the system is designed the way it is.,NFR,Maintainability
"The system must have a process for onboarding new developers that includes documentation on the architecture, development process, and coding standards.",New Developer,Onboard to the project efficiently,To reduce the time it takes to become a productive member of the team.,NFR,Maintainability
"The system's code must be written in a way that is easy to unit test, with clear separation of concerns and dependency injection.",Developer,Write unit tests easily,To ensure that the code is testable and to facilitate a high level of test coverage.,NFR,Maintainability
The system's database schema must be well-designed and normalized to reduce data redundancy and improve data integrity.,Database Administrator,Maintain a healthy database schema,To make the database easier to understand,NFR,Maintainability
"The system must not contain any ""dead code"" (i.e., code that is no longer used and can never be executed).",Developer,Maintain a clean codebase,To reduce clutter,NFR,Maintainability
The system must have a process for regularly updating its dependencies to their latest stable versions.,Developer,Keep dependencies up-to-date,To take advantage of new features,NFR,Maintainability
"The system's logging levels (e.g., DEBUG, INFO, WARN, ERROR) must be configurable at runtime without requiring a restart of the application.",Operations Engineer,Adjust logging levels on a running system,To facilitate debugging in production by enabling more detailed logging for a specific module when needed.,NFR,Maintainability
The system must have a clear and documented process for how to handle and triage bugs reported by users or found internally.,QA Engineer,Handle bugs systematically,To ensure that issues are tracked,NFR,Maintainability
"The system must be able to be feature-flagged, allowing new features to be deployed to production but hidden from users until they are ready to be released.",Product Manager,Release new features with low risk,To enable gradual rollouts,NFR,Maintainability
"The system's code must be self-documenting where possible, with clear and descriptive names for variables, functions, and classes.",Developer,Understand code without extensive comments,To improve readability and reduce the need for separate documentation that can become outdated.,NFR,Maintainability
The system must have a process for regularly reviewing and paying down technical debt.,Tech Lead,Manage technical debt,To prevent the codebase from becoming overly complex and difficult to maintain over time.,NFR,Maintainability
The system's automated test suite must be able to run in parallel to reduce the overall execution time.,Developer,Run tests quickly,To provide fast feedback to developers and keep the CI/CD pipeline efficient.,NFR,Maintainability
The system must not have any hardcoded IP addresses or hostnames; all external service locations must be configurable.,Operations Engineer,Configure service locations easily,To allow the application to be deployed in different environments with different service endpoints.,NFR,Maintainability
The system must have a process for statically analyzing the code for potential bugs and style issues on every commit.,Developer,Catch bugs early,To automatically identify and fix common programming errors before they are merged.,NFR,Maintainability
"The system's commit messages must follow a consistent format (e.g., Conventional Commits) to be easily readable and parsable.",Developer,Understand the history of changes,To provide a clear and scannable history of what has changed in the codebase and why.,NFR,Maintainability
"The system's major components must have clearly defined public APIs, and components should not interact with each other's internal implementation details.",Architect,Maintain clear component boundaries,To enforce encapsulation and allow components to be changed without affecting their consumers.,NFR,Maintainability
The system must have a process for developers to propose and discuss architectural changes.,Developer,Evolve the architecture collaboratively,To ensure that the system's design remains coherent and well-understood by the team.,NFR,Maintainability
The system's documentation must be kept in the same repository as the code and be updated as part of the same process for changing the code.,Developer,Keep documentation up-to-date,To prevent the documentation from becoming stale and inaccurate.,NFR,Maintainability
The system must have a process for performing root cause analysis (RCA) for all major bugs and production incidents.,Tech Lead,Learn from mistakes,To identify the underlying causes of problems and prevent them from happening again.,NFR,Maintainability
The system must not use any experimental or beta-version libraries in its production code.,Developer,Use stable and reliable libraries,To avoid issues caused by bugs or breaking changes in non-production-ready dependencies.,NFR,Maintainability
The system's code should be organized in a way that a new developer can understand the overall structure and locate the code for a specific feature within their first day.,New Developer,Understand the codebase structure quickly,To reduce the learning curve and make it easier to start contributing.,NFR,Maintainability
The system must have a process for developers to easily run a single test or a specific group of tests related to the code they are working on.,Developer,Run relevant tests quickly,To speed up the test-driven development cycle.,NFR,Maintainability
"The system must have a clear separation between its application logic and its data access logic (e.g., using a repository pattern).",Architect,Separate application and data logic,To improve testability,NFR,Maintainability
The system must have a process for regularly reviewing its logging and monitoring dashboards to ensure they are still relevant and effective.,Operations Engineer,Maintain relevant monitoring dashboards,To avoid alert fatigue and ensure that the monitoring system provides actionable insights.,NFR,Maintainability
The system must not have any code that is commented out; it should be removed and can be found in version control history if needed.,Developer,Maintain a clean codebase,To improve readability and avoid confusion about why the code is there.,NFR,Maintainability
The system's API responses must follow a consistent and predictable structure across all endpoints.,Developer,Consume the API predictably,To make it easier for client-side developers to write code that interacts with the API.,NFR,Maintainability
The system must have a process for ensuring that all new code is peer-reviewed by at least one other developer.,Tech Lead,Ensure code quality and knowledge sharing,To improve the quality of the code and spread knowledge about the codebase among the team.,NFR,Maintainability
The system must have a process for developers to request and receive feedback on their code and designs.,Developer,Get feedback on my work,To foster a culture of continuous improvement and collaborative design.,NFR,Maintainability
The system must have a clear and documented process for handling breaking changes in its API.,Developer,Handle API breaking changes gracefully,To minimize the impact on API consumers and provide a clear upgrade path.,NFR,Maintainability
The system's configuration should be schema-validated on startup to catch errors early.,Operations Engineer,Validate configuration on startup,To prevent the application from starting with an invalid or incomplete configuration.,NFR,Maintainability
The system must have a process for tracking and prioritizing technical debt items.,Tech Lead,Manage technical debt effectively,To ensure that technical debt is addressed proactively and does not grow out of control.,NFR,Maintainability
The system must be designed in a way that allows for A/B testing of new features.,Product Manager,A/B test new features,To make data-driven decisions about which features to release to all users.,NFR,Maintainability
The system's automated tests must be independent and able to run in any order.,Developer,Run tests in any order,To ensure that the test suite is reliable and not dependent on the state left by a previous test.,NFR,Maintainability
The system must have a process for developers to access sanitized production data in a development environment for realistic testing.,Developer,Test with realistic data,To catch bugs that may only appear with production-like data volumes and variety.,NFR,Maintainability
The system's code must not have any linter warnings or errors.,Developer,Maintain a high standard of code quality,To enforce coding standards and catch potential bugs automatically.,NFR,Maintainability
The system must have a process for developers to easily create a new service or module using a pre-defined template.,Developer,Create new services quickly and consistently,To speed up development and ensure that new components follow the established architecture.,NFR,Maintainability
The system must have a process for documenting and communicating its release schedule to all stakeholders.,Product Manager,Communicate the release schedule,To keep everyone informed about when new features will be available.,NFR,Maintainability
"The system's core data models must be clearly documented, including the meaning of each field and its relationships to other models.",Developer,Understand the data model,To ensure that data is used correctly and consistently throughout the application.,NFR,Maintainability
"The system must have a process for developers to experiment with new technologies and ideas in a safe and controlled environment (e.g., during hackathons or innovation days).",Developer,Experiment with new technologies,To foster innovation and allow the team to stay up-to-date with industry trends.,NFR,Maintainability
The system must have a process for ensuring that all new dependencies are approved by a tech lead before being added to the project.,Tech Lead,Control the addition of new dependencies,To prevent the introduction of unvetted or problematic libraries into the codebase.,NFR,Maintainability
The system's automated tests must not rely on external services being available.,Developer,Run tests without external dependencies,To ensure that the test suite is reliable and can be run anywhere,NFR,Maintainability
The system must have a process for developers to easily share their local development environment with other developers for pair programming or debugging.,Developer,Share my development environment,To facilitate collaboration and make it easier to troubleshoot issues together.,NFR,Maintainability
The system must have a process for developers to get a rapid and automated security scan of their code before merging.,Developer,Get automated security feedback,To catch common security vulnerabilities early in the development cycle.,NFR,Maintainability
"The system's code must have a clear and consistent naming convention for branches, variables, functions, and classes.",Developer,Read and navigate the code easily,To improve the readability and maintainability of the codebase.,NFR,Maintainability
The system must have a process for developers to easily access and search application logs from all environments.,Developer,Access and search logs easily,To facilitate debugging and troubleshooting of issues in different environments.,NFR,Maintainability
The system must have a process for ensuring that all new features have corresponding documentation before they are released.,Technical Writer,Ensure features are documented,To provide users with the information they need to use new functionality.,NFR,Maintainability
"The system's code must be organized in a way that minimizes the ""blast radius"" of changes, so a change in one module is unlikely to have unintended consequences in another.",Architect,Minimize the impact of changes,To make the system safer and easier to modify over time.,NFR,Maintainability
The system must have a process for developers to easily create and run performance tests for their code.,Developer,Run performance tests easily,To identify and fix performance regressions before they reach production.,NFR,Maintainability
"The system must have a process for developers to get feedback from users on new features before they are fully developed (e.g., through prototypes or user testing).",UX Designer,Get user feedback early,To ensure that the features being built meet user needs and are easy to use.,NFR,Maintainability
The system must have a process for regularly reviewing and updating the project's README file to ensure it is accurate and helpful for new developers.,Tech Lead,Maintain a helpful README,To provide a clear and concise entry point for anyone new to the project.,NFR,Maintainability
The system must have a process for developers to easily create a new database and populate it with seed data for testing.,Developer,Create and seed a test database easily,To speed up the setup process for testing new features.,NFR,Maintainability
The system must have a process for developers to easily debug a running process in a production-like environment.,Developer,Debug in a production-like environment,To reproduce and fix bugs that only appear under specific production conditions.,NFR,Maintainability
The system must have a process for ensuring that all public-facing API changes are communicated to consumers in advance.,API Product Manager,Communicate API changes,To give consumers time to adapt to changes and prevent breaking their integrations.,NFR,Maintainability
The system's code must not rely on any specific developer's personal machine configuration.,Developer,Have a consistent development environment,To ensure that the code works the same for everyone on the team.,NFR,Maintainability
The system must have a process for regularly reviewing and removing unused feature flags from the code.,Developer,Remove old feature flags,To reduce code complexity and technical debt.,NFR,Maintainability
The system must have a process for ensuring that all new database queries are reviewed for performance before being deployed to production.,Database Administrator,Review new database queries,To prevent slow queries from impacting application performance.,NFR,Maintainability
The system must have a process for developers to easily access and understand the business context and requirements for the features they are building.,Product Manager,Understand the business context,To ensure that developers are building the right thing and can make informed technical decisions.,NFR,Maintainability
The system must have a process for developers to easily create a new end-to-end test for a user workflow.,QA Engineer,Create new end-to-end tests easily,To ensure that critical user journeys are covered by automated tests.,NFR,Maintainability
"The system must have a process for ensuring that all code is stored in a version control system (e.g., Git).",Developer,Version control all code,To track changes,NFR,Maintainability
"The web application must render correctly and be fully functional on the latest stable versions of Google Chrome, Mozilla Firefox, Microsoft Edge, and Safari.",User,Use the application on their preferred browser,To provide a consistent and reliable experience for the vast majority of web users.,NFR,Portability
The server-side application must be able to run without modification on both Linux (Ubuntu 20.04+) and Windows Server (2019+) operating systems.,Operations Engineer,Deploy the application on different operating systems,To provide flexibility in hosting options and infrastructure choices.,NFR,Portability
"The mobile application must be compatible with iOS version 15 and higher, and Android version 11 (API level 30) and higher.",User,Use the application on their modern mobile device,To support the majority of the mobile user base and ensure access to modern OS features.,NFR,Portability
"The system's data export format for user data must be a platform-independent, standard format like JSON or CSV.",User,Use their exported data in other applications,To ensure interoperability and allow users to easily migrate their data to other tools.,NFR,Portability
"The application must be able to connect to different SQL database systems (e.g., PostgreSQL 13+, MySQL 8+) through a configurable data access layer.",Developer,Switch database vendors if necessary,To avoid vendor lock-in and allow for flexibility in the database technology based on cost or features.,NFR,Portability
"The system's desktop client application must be available for Windows 10+, macOS 11+, and Ubuntu 20.",4+.,User,Use the desktop application on their operating system,NFR,Portability
"The application should be deployable in different major cloud environments (AWS, Azure, GCP) with only configuration changes, not code changes.",DevOps Engineer,Deploy the application to different cloud providers,To avoid being locked into a single cloud vendor and to enable multi-cloud or hybrid-cloud strategies.,NFR,Portability
The system must use UTF-8 character encoding for all data storage and transmission to support international character sets.,International User,Enter and view text in their native language,To ensure the application can correctly handle data from a global user base.,NFR,Portability
"The application must not rely on browser-specific plugins that are not universally available, such as Adobe Flash, Java applets, or Silverlight.",User,Use the application without installing special plugins,To ensure compatibility with modern browsers,NFR,Portability
"The system's REST API must follow standard HTTP conventions (e.g., using standard verbs, status codes) to be easily consumable by any standard HTTP client library.",Developer,Integrate with the API using standard tools,To ensure broad compatibility and ease of integration across different programming languages.,NFR,Portability
"The application must be able to run in a containerized environment using Docker, with a provided Dockerfile for building the image.",DevOps Engineer,Deploy and manage the application using containers,To improve portability,NFR,Portability
"The system should not make hardcoded assumptions about the file system structure of the host it runs on (e.g., paths like 'C:\logs').",Developer,Run the application in different environments,To ensure the application can be deployed on various server configurations without code changes.,NFR,Portability
"The application must be able to be installed and run on a standard developer laptop (Windows, macOS, or Linux) for development and testing purposes.",Developer,Run and test the application locally,To facilitate an efficient and portable development workflow for all team members.,NFR,Portability
"The user interface must be responsive and adapt to various screen resolutions, from a 1024x768 laptop screen to a 4K desktop display.",User,Have a good viewing experience on their monitor,To ensure the UI is usable and aesthetically pleasing across different common display sizes.,NFR,Portability
"The system's configuration files should use a standard, portable format like YAML or JSON that is human-readable and machine-parsable.",Operations Engineer,Manage configuration in a standard way,To ensure that configuration is easy to read,NFR,Portability
The application must not depend on a specific hardware architecture; it must be able to run on both x86-64 and ARM64 architectures.,Operations Engineer,Deploy the application on different hardware,To provide flexibility in server infrastructure choices and support modern,NFR,Portability
The system should be able to operate from within a corporate network that uses a standard HTTP/S proxy for outbound internet access.,Corporate User,Use the application from a corporate network,To ensure accessibility for users in enterprise environments with network restrictions.,NFR,Portability
"The application's generated reports must be in a portable format like PDF, which is viewable on any device with a standard PDF reader.",User,View reports on any device,To provide a seamless and accessible user experience for viewing and sharing data.,NFR,Portability
"The system's build scripts must be platform-agnostic, able to be executed on Windows, macOS, and Linux development machines without modification.",Developer,Build the project on their development machine of choice,To ensure a consistent and reliable build process for all team members,NFR,Portability
"The application must not rely on proprietary, single-vendor APIs or technologies that would make it difficult to migrate to an alternative in the future.",Architect,Maintain architectural flexibility,To avoid being locked into a specific vendor's ecosystem and maintain negotiating power.,NFR,Portability
"The system's end-user license agreement (EULA) must be legally reviewed for compatibility with the requirements of major international markets (e.g., USA, EU).",Legal Team,Ensure global legal compliance,To allow the software to be distributed internationally without facing legal challenges.,NFR,Portability
"The application must be able to handle different date, time, and currency formats based on the user's specified locale settings.",International User,See dates and currencies in their local format,To provide a localized and intuitive experience for a global audience.,NFR,Portability
The system's mobile app must be installable through the official Apple App Store and Google Play Store on supported devices.,User,Download the app from a trusted source,To ensure a secure and standardized distribution method for the mobile application.,NFR,Portability
"The system should be able to integrate with different email service providers (e.g., SendGrid, Amazon SES) through a common, configurable interface.",Developer,Switch email service providers,To allow for flexibility and cost optimization in email delivery services without code changes.,NFR,Portability
The application's generated HTML must be compliant with the HTML5 standard as validated by the W3C validator.,Web Developer,Ensure browser compatibility and future-proofing,To guarantee that the application renders predictably across all modern,NFR,Portability
The system must be able to run on a virtual machine (VM) in a cloud environment without any degradation in functionality compared to running on bare metal.,Operations Engineer,Run the application in a virtualized environment,To leverage the benefits of virtualization for deployment,NFR,Portability
The application should not require administrator or 'root' privileges to run on the host operating system.,Operations Engineer,Run the application with standard user permissions,To enhance security by following the principle of least privilege.,NFR,Portability
"The system must be compatible with the two most recent versions of common screen readers (e.g., JAWS, NVDA) for accessibility.",User with visual impairments,Use the application with a screen reader,To ensure the application is accessible to and usable by users with visual disabilities.,NFR,Portability
"The application's session management must work correctly whether the user is accessing the site via a computer, tablet, or smartphone.",User,Have a consistent session across devices,To provide a seamless user experience when switching between different form factors.,NFR,Portability
The system's database connection logic should be abstracted so that it can be easily modified to support a NoSQL database in the future.,Architect,Allow for future database flexibility,To ensure the system is not permanently tied to a relational database model.,NFR,Portability
The mobile application's UI must adapt to both portrait and landscape orientations on phones and tablets.,User,Use the app in any orientation,To provide a flexible and convenient user experience on mobile devices.,NFR,Portability
The application's JavaScript code must be compliant with the ECMAScript 2018 (ES9) standard or higher.,Developer,Use modern,standard JavaScript,NFR,Portability
"The system's command-line interface (CLI) tools must be able to run in common shell environments, including Bash (Linux/macOS) and PowerShell (Windows).",Developer,Use CLI tools on any major OS,To provide a consistent developer experience across different platforms.,NFR,Portability
The application must be able to be deployed on-premises in a customer's data center as well as in a public cloud environment.,Enterprise Customer,Deploy the application on-premises,To meet the security and data governance requirements of enterprise customers.,NFR,Portability
"The system's video and audio streaming must use standard, non-proprietary codecs (e.g., H.264, AAC) supported by all modern browsers.",User,Play media content in their browser,To ensure that rich media content is accessible without requiring special plugins or software.,NFR,Portability
The application must not rely on the availability of a specific third-party service to perform its core functions.,System,Ensure core functionality is self-contained,To allow the application to be deployed and used in isolated or air-gapped environments.,NFR,Portability
"The system should be able to be backed up and restored using standard, platform-agnostic database tools (e.g., pg_dump).",Database Administrator,Back up and restore the database with standard tools,To ensure that database maintenance can be performed using familiar,NFR,Portability
The application must have a 'headless' mode where it can run without a graphical user interface for automated testing.,QA Engineer,Run the application for automated testing,To facilitate integration into a CI/CD pipeline for end-to-end testing.,NFR,Portability
The system's authentication mechanism should be able to integrate with standard enterprise identity providers like LDAP or SAML 2.,.,Enterprise IT Admin,Integrate with an enterprise identity provider,NFR,Portability
"The application must be able to send emails via a standard SMTP server, configurable by the system administrator.",System Administrator,Configure email sending,To allow the application to integrate with the company's existing email infrastructure.,NFR,Portability
"The system must be able to be installed via standard package managers for its target operating systems (e.g., APT for Debian/Ubuntu, MSI for Windows).",System Administrator,Install the application using standard methods,To simplify the installation and upgrade process in a managed IT environment.,NFR,Portability
The application must not have any dependencies that are only available for a single operating system.,Developer,Maintain cross-platform compatibility,To ensure that the entire technology stack can run on all supported platforms.,NFR,Portability
"The system's mobile application must be written in a cross-platform framework (e.g., React Native, Flutter) to allow for a single codebase for both iOS and Android.",Developer,Maintain a single mobile codebase,To improve development efficiency and ensure feature parity between the iOS and Android apps.,NFR,Portability
The system must be able to run on commodity hardware and not require specialized or proprietary equipment.,Operations Engineer,Run the application on standard hardware,To provide flexibility in hardware procurement and reduce operational costs.,NFR,Portability
"The application must be able to run in an environment with no public internet access, provided all its dependencies are hosted internally.",System Administrator,Run the application in an offline environment,To support deployment in high-security or isolated networks.,NFR,Portability
"The system's logging output should be able to be sent to a standard logging aggregator (e.g., Fluentd, Logstash) via stdout.",Operations Engineer,Aggregate logs from the application,To allow for centralized logging and analysis in a standard observability stack.,NFR,Portability
"The application must have a clear separation between the front-end and back-end, communicating only through a well-defined API.",Architect,Maintain a decoupled front-end and back-end,To allow the front-end and back-end to be developed,NFR,Portability
"The system must be able to be configured to use different cloud storage providers (e.g., Amazon S3, Azure Blob Storage) for file storage.",System Administrator,Configure the file storage provider,To avoid being locked into a single cloud vendor for object storage.,NFR,Portability
"The application must have its infrastructure defined as code (e.g., using Terraform) in a way that is portable across different cloud providers.",DevOps Engineer,Define infrastructure in a portable way,To facilitate multi-cloud deployment and migration between cloud environments.,NFR,Portability
"The system must be able to be translated into new languages without requiring any code changes, only the addition of new resource files.",Localization Team,Translate the application easily,To make the process of adding support for new languages efficient and low-risk.,NFR,Portability
The system's client-side code must not use any deprecated browser APIs.,Developer,Ensure future browser compatibility,To prevent the application from breaking as browsers remove old,NFR,Portability
The application must be able to be deployed behind a reverse proxy without requiring any code changes.,Operations Engineer,Deploy behind a reverse proxy,To support standard enterprise deployment patterns for security and load balancing.,NFR,Portability
"The system must be able to be run with different time zones configured on the server, and all times must be handled correctly (e.g., by storing them in UTC).",System Administrator,Run the server in any time zone,To provide flexibility in server hosting and ensure correct handling of temporal data.,NFR,Portability
The application's CSS must not use any vendor-specific prefixes that are not handled by an autoprefixer during the build process.,Developer,Write standard,portable CSS,NFR,Portability
"The system must be able to be run in an environment where the case-sensitivity of the file system is different (e.g., Windows vs. Linux).",Developer,Run on different file systems,To prevent bugs related to file path case-sensitivity when moving between operating systems.,NFR,Portability
The application must not rely on any specific screen DPI (dots per inch) for its UI to render correctly.,User,Have a clear UI on any display,To ensure that the user interface scales correctly on both standard and high-DPI (Retina) displays.,NFR,Portability
The system's data migration scripts must be written in standard SQL that is compatible with all supported database systems.,Database Administrator,Run data migrations on any supported DB,To ensure that the database can be migrated between different vendors if needed.,NFR,Portability
"The application must be able to handle line endings from different operating systems (CRLF from Windows, LF from Linux/macOS).",Developer,Handle different line endings,To prevent issues when files are edited on different operating systems.,NFR,Portability
The system's user documentation must be provided in a portable format like HTML or PDF.,User,Access documentation on any device,To ensure that help files and manuals are accessible to all users.,NFR,Portability
The application must not have any hardcoded paths to system binaries or utilities.,Developer,Avoid hardcoded system paths,To ensure the application can run in environments where tools may be installed in non-standard locations.,NFR,Portability
The system must be able to be developed and run on Apple Silicon (ARM64) laptops as well as traditional Intel (x86-64) machines.,Developer,Develop on modern hardware,To support developers using the latest generation of computers.,NFR,Portability
"The application must be able to be configured to send analytics data to different analytics providers (e.g., Google Analytics, Plausible).",Marketing Team,Switch analytics providers,To provide flexibility in how user behavior data is collected and analyzed.,NFR,Portability
"The system must not rely on the user having a specific version of a web browser installed; it should degrade gracefully on older, supported versions.",User with an older browser,Still be able to use the core application,To ensure that the application remains accessible to users in enterprise environments with slower browser upgrade cycles.,NFR,Portability
The application's color scheme must be configurable to allow for white-labeling or theming for different customers.,Enterprise Customer,Theme the application to match their brand,To provide a customized look and feel for different B2B clients.,NFR,Portability
The system must be able to run on a machine with a non-English locale setting without crashing or displaying formatting errors.,International User,Run the app with a non-English locale,To ensure the application is robust and works correctly for a global audience.,NFR,Portability
The application must be able to be installed in a custom directory path chosen by the user or administrator.,System Administrator,Install the application in a custom path,To provide flexibility in server organization and conform to enterprise IT policies.,NFR,Portability
"The system's text must be sourced from locale-specific resource files (e.g., .json, .properties) to allow for easy translation.",Translator,Translate the application's text,To enable localization without requiring developers to change the source code.,NFR,Portability
The application must not rely on the system having specific fonts installed to render correctly.,User,See the UI correctly without specific fonts,To ensure a consistent look and feel by using web fonts or standard system font stacks.,NFR,Portability
"The application's dependencies must be retrievable from a private, internal package repository.",Operations Engineer,Deploy in an air-gapped environment,To support high-security deployments that do not have access to the public internet.,NFR,Portability
The system must be able to be run in a multi-tenant architecture where data is segregated by a tenant ID.,SaaS Provider,Serve multiple customers from one deployment,To efficiently support a software-as-a-service business model.,NFR,Portability
The application must be able to handle file paths longer than 260 characters on Windows.,User on Windows,Use long file paths,To ensure compatibility with deep directory structures on the Windows operating system.,NFR,Portability
The system's keyboard shortcuts must not conflict with standard operating system or browser shortcuts.,User,Use standard keyboard shortcuts,To provide an intuitive experience and avoid frustrating the user.,NFR,Portability
The application must be able to be configured to run on a different port number.,Operations Engineer,Run on a different port,To avoid port conflicts with other applications running on the same server.,NFR,Portability
The system's mobile app should be designed to be portable to tablet form factors with minimal UI changes.,User on a tablet,Have a good experience on a tablet,To support a wider range of mobile devices with a single codebase.,NFR,Portability
The application must not rely on third-party browser extensions being installed to function correctly.,User,Use the application without browser extensions,To ensure a reliable experience for all users,NFR,Portability
The system must be able to be run in an environment with IPv6 networking.,Network Administrator,Run in an IPv6 environment,To ensure future compatibility with the next generation of internet protocol.,NFR,Portability
"The application's performance should be consistent across all supported browsers, with no more than a 15% variation in key metrics.",QA Engineer,Ensure consistent performance across browsers,To provide a good user experience regardless of the user's choice of browser.,NFR,Portability
"The system must be able to be run in a cluster of servers, with load distributed among them.",Operations Engineer,Run in a cluster,To support horizontal scaling and high availability.,NFR,Portability
The application must not rely on any platform-specific APIs for its core functionality.,Developer,Maintain portability of core logic,To ensure that the heart of the application can be easily moved to a new platform if needed.,NFR,Portability
The system must be able to be configured to use a remote database server or a local one.,Developer,Use a remote or local database,To provide flexibility for both production and development environments.,NFR,Portability
"The application must be able to be run in a 'dark launch' mode, where new code is deployed to production but not exposed to users.",Developer,Dark launch new code,To test new code in the production environment with zero user impact.,NFR,Portability
The system's cryptographic libraries must be portable and not rely on hardware-specific features that may not be available in all environments.,Developer,Use portable cryptographic libraries,To ensure that the application's security features work consistently everywhere.,NFR,Portability
"The application must be able to be run in a read-only file system, with the exception of a specific, configurable directory for temporary files.",Operations Engineer,Run in a read-only file system,To enhance security and ensure that the application does not make unexpected changes to the host.,NFR,Portability
"The system must be able to be run in an environment with limited memory, and it should degrade gracefully rather than crashing.",User on a low-spec device,Run the application on a low-memory device,To ensure accessibility for users with less powerful hardware.,NFR,Portability
The application's user interface must support both left-to-right (LTR) and right-to-left (RTL) languages.,User of an RTL language,Use the application in my native language,To provide a good user experience for users of languages like Arabic and Hebrew.,NFR,Portability
The system must be able to be run in an environment with a custom DNS resolver.,Network Administrator,Use a custom DNS resolver,To support deployment in enterprise networks with specific DNS configurations.,NFR,Portability
"The application must not rely on the system clock being accurate, and it should be able to synchronize with a Network Time Protocol (NTP) server.",System Administrator,Ensure accurate timekeeping,To prevent issues with timestamps,NFR,Portability
The system must be able to be run in an environment with a custom SSL/TLS certificate authority (CA).,Enterprise IT Admin,Use a custom CA,To support deployment in enterprise networks with their own public key infrastructure (PKI).,NFR,Portability
"The application's database connection strings must be configurable to support different authentication methods (e.g., password, Kerberos).",Database Administrator,Use different database authentication methods,To integrate with various enterprise security models.,NFR,Portability
The system must be able to be run in an environment where the hostname of the server changes dynamically.,Cloud Operations Engineer,Run on servers with dynamic hostnames,To support modern,NFR,Portability
"The application must not rely on any specific file system features (e.g., symbolic links) that may not be available on all supported platforms.",Developer,Avoid platform-specific file system features,To ensure that the application works correctly on different operating systems.,NFR,Portability
The system must be able to be run in an environment with a custom logging directory.,Operations Engineer,Configure the logging directory,To support centralized logging and conform to enterprise IT policies for log file placement.,NFR,Portability
"The application's user interface must not rely on mouse-specific events (e.g., hover) for critical functionality, to ensure portability to touch-based devices.",User on a touch device,Use all critical features,To provide a good user experience on tablets and other touch-screen devices.,NFR,Portability
The system must be able to be run in an environment with a custom temporary directory.,Operations Engineer,Configure the temporary directory,To manage disk space and conform to enterprise IT policies.,NFR,Portability
The application must not rely on any specific version of the Java Virtual Machine (JVM) or .,ET runtime,within a major version range.,Developer,NFR,Portability
"The system must be able to be run in an environment with a custom character encoding for its inputs and outputs, although UTF-8 is the default.",System Administrator,Configure character encoding,To support integration with legacy systems that may use different encodings.,NFR,Portability
"The application's front-end assets (e.g., CSS, JS) must be able to be served from a different domain than the back-end API.",Web Developer,Serve assets from a CDN,To improve performance and scalability by using a Content Delivery Network.,NFR,Portability
The system must be able to be run in an environment with a custom locale setting for the operating system.,International User,Run the app with a custom OS locale,To ensure that the application behaves correctly regardless of the system's language and regional settings.,NFR,Portability
"The application must not rely on any specific environment variables being set, unless they are documented as part of the configuration.",Developer,Have clearly documented environment variable dependencies,To make the application easy to configure and deploy reliably.,NFR,Portability
"The system must be able to be run in an environment where network latency is high, and it should remain functional, even if it is slower.",User with a poor connection,Still be able to use the application,To ensure accessibility for users on slow or unreliable networks,NFR,Usability
"The system must be able to be translated into new languages without requiring any code changes, only the addition of new resource files.",Localization Team,Translate the application easily,To make the process of adding support for new languages efficient and low-risk.,NFR,Usability
The system's client-side code must not use any deprecated browser APIs.,Developer,Ensure future browser compatibility,To prevent the application from breaking as browsers remove old,NFR,Usability
The application must be able to be deployed behind a reverse proxy without requiring any code changes.,Operations Engineer,Deploy behind a reverse proxy,To support standard enterprise deployment patterns for security and load balancing.,NFR,Usability
"The system must be able to be run with different time zones configured on the server, and all times must be handled correctly (e.g., by storing them in UTC).",System Administrator,Run the server in any time zone,To provide flexibility in server hosting and ensure correct handling of temporal data.,NFR,Usability
The application's CSS must not use any vendor-specific prefixes that are not handled by an autoprefixer during the build process.,Developer,Write standard,portable CSS,NFR,Usability
"The system must be able to be run in an environment where the case-sensitivity of the file system is different (e.g., Windows vs. Linux).",Developer,Run on different file systems,To prevent bugs related to file path case-sensitivity when moving between operating systems.,NFR,Usability
The application must not rely on any specific screen DPI (dots per inch) for its UI to render correctly.,User,Have a clear UI on any display,To ensure that the user interface scales correctly on both standard and high-DPI (Retina) displays.,NFR,Usability
The system's data migration scripts must be written in standard SQL that is compatible with all supported database systems.,Database Administrator,Run data migrations on any supported DB,To ensure that the database can be migrated between different vendors if needed.,NFR,Usability
"The application must be able to handle line endings from different operating systems (CRLF from Windows, LF from Linux/macOS).",Developer,Handle different line endings,To prevent issues when files are edited on different operating systems.,NFR,Usability
The system's user documentation must be provided in a portable format like HTML or PDF.,User,Access documentation on any device,To ensure that help files and manuals are accessible to all users.,NFR,Usability
The application must not have any hardcoded paths to system binaries or utilities.,Developer,Avoid hardcoded system paths,To ensure the application can run in environments where tools may be installed in non-standard locations.,NFR,Usability
The system must be able to be developed and run on Apple Silicon (ARM64) laptops as well as traditional Intel (x86-64) machines.,Developer,Develop on modern hardware,To support developers using the latest generation of computers.,NFR,Usability
"The application must be able to be configured to send analytics data to different analytics providers (e.g., Google Analytics, Plausible).",Marketing Team,Switch analytics providers,To provide flexibility in how user behavior data is collected and analyzed.,NFR,Usability
"The system must not rely on the user having a specific version of a web browser installed; it should degrade gracefully on older, supported versions.",User with an older browser,Still be able to use the core application,To ensure that the application remains accessible to users in enterprise environments with slower browser upgrade cycles.,NFR,Usability
The application's color scheme must be configurable to allow for white-labeling or theming for different customers.,Enterprise Customer,Theme the application to match their brand,To provide a customized look and feel for different B2B clients.,NFR,Usability
The system must be able to be run on a machine with a non-English locale setting without crashing or displaying formatting errors.,International User,Run the app with a non-English locale,To ensure the application is robust and works correctly for a global audience.,NFR,Usability
The application must be able to be installed in a custom directory path chosen by the user or administrator.,System Administrator,Install the application in a custom path,To provide flexibility in server organization and conform to enterprise IT policies.,NFR,Usability
"The application's text must be sourced from locale-specific resource files (e.g., .json, .properties) to allow for easy translation.",Translator,Translate the application's text,To enable localization without requiring developers to change the source code.,NFR,Usability
The application must not rely on the system having specific fonts installed to render correctly.,User,See the UI correctly without specific fonts,To ensure a consistent look and feel by using web fonts or standard system font stacks.,NFR,Usability
"The application's dependencies must be retrievable from a private, internal package repository.",Operations Engineer,Deploy in an air-gapped environment,To support high-security deployments that do not have access to the public internet.,NFR,Usability
The system must be able to be run in a multi-tenant architecture where data is segregated by a tenant ID.,SaaS Provider,Serve multiple customers from one deployment,To efficiently support a software-as-a-service business model.,NFR,Usability
The application must be able to handle file paths longer than 260 characters on Windows.,User on Windows,Use long file paths,To ensure compatibility with deep directory structures on the Windows operating system.,NFR,Usability
The system's keyboard shortcuts must not conflict with standard operating system or browser shortcuts.,User,Use standard keyboard shortcuts,To provide an intuitive experience and avoid frustrating the user.,NFR,Usability
The application must be able to be configured to run on a different port number.,Operations Engineer,Run on a different port,To avoid port conflicts with other applications running on the same server.,NFR,Usability
The system's mobile app should be designed to be portable to tablet form factors with minimal UI changes.,User on a tablet,Have a good experience on a tablet,To support a wider range of mobile devices with a single codebase.,NFR,Usability
The application must not rely on third-party browser extensions being installed to function correctly.,User,Use the application without browser extensions,To ensure a reliable experience for all users,NFR,Usability
The system must be able to be run in an environment with IPv6 networking.,Network Administrator,Run in an IPv6 environment,To ensure future compatibility with the next generation of internet protocol.,NFR,Usability
"The application's performance should be consistent across all supported browsers, with no more than a 15% variation in key metrics.",QA Engineer,Ensure consistent performance across browsers,To provide a good user experience regardless of the user's choice of browser.,NFR,Usability
"The system must be able to be run in a cluster of servers, with load distributed among them.",Operations Engineer,Run in a cluster,To support horizontal scaling and high availability.,NFR,Usability
The application must not rely on any platform-specific APIs for its core functionality.,Developer,Maintain portability of core logic,To ensure that the heart of the application can be easily moved to a new platform if needed.,NFR,Usability
The system must be able to be configured to use a remote database server or a local one.,Developer,Use a remote or local database,To provide flexibility for both production and development environments.,NFR,Usability
"The application must be able to be run in a 'dark launch' mode, where new code is deployed to production but not exposed to users.",Developer,Dark launch new code,To test new code in the production environment with zero user impact.,NFR,Usability
The system's cryptographic libraries must be portable and not rely on hardware-specific features that may not be available in all environments.,Developer,Use portable cryptographic libraries,To ensure that the application's security features work consistently everywhere.,NFR,Usability
"The application must be able to be run in a read-only file system, with the exception of a specific, configurable directory for temporary files.",Operations Engineer,Run in a read-only file system,To enhance security and ensure that the application does not make unexpected changes to the host.,NFR,Usability
"The system must be able to be run in an environment with limited memory, and it should degrade gracefully rather than crashing.",User on a low-spec device,Run the application on a low-memory device,To ensure accessibility for users with less powerful hardware.,NFR,Usability
The application's user interface must support both left-to-right (LTR) and right-to-left (RTL) languages.,User of an RTL language,Use the application in my native language,To provide a good user experience for users of languages like Arabic and Hebrew.,NFR,Usability
The system must be able to be run in an environment with a custom DNS resolver.,Network Administrator,Use a custom DNS resolver,To support deployment in enterprise networks with specific DNS configurations.,NFR,Usability
"The application must not rely on the system clock being accurate, and it should be able to synchronize with a Network Time Protocol (NTP) server.",System Administrator,Ensure accurate timekeeping,To prevent issues with timestamps,NFR,Usability
The application must be able to be run in an environment with a custom SSL/TLS certificate authority (CA).,Enterprise IT Admin,Use a custom CA,To support deployment in enterprise networks with their own public key infrastructure (PKI).,NFR,Usability
"The application's database connection strings must be configurable to support different authentication methods (e.g., password, Kerberos).",Database Administrator,Use different database authentication methods,To integrate with various enterprise security models.,NFR,Usability
"The system's commit messages must follow a consistent format (e.g., Conventional Commits) to be easily readable and parsable.",Developer,Understand the history of changes,To provide a clear and scannable history of what has changed in the codebase and why.,NFR,Reliability
"The system's major components must have clearly defined public APIs, and components should not interact with each other's internal implementation details.",Architect,Maintain clear component boundaries,To enforce encapsulation and allow components to be changed without affecting their consumers.,NFR,Reliability
The system must have a process for developers to propose and discuss architectural changes.,Developer,Evolve the architecture collaboratively,To ensure that the system's design remains coherent and well-understood by the team.,NFR,Reliability
The system's documentation must be kept in the same repository as the code and be updated as part of the same process for changing the code.,Developer,Keep documentation up-to-date,To prevent the documentation from becoming stale and inaccurate.,NFR,Reliability
The system must have a process for performing root cause analysis (RCA) for all major bugs and production incidents.,Tech Lead,Learn from mistakes,To identify the underlying causes of problems and prevent them from happening again.,NFR,Reliability
The system must not use any experimental or beta-version libraries in its production code.,Developer,Use stable and reliable libraries,To avoid issues caused by bugs or breaking changes in non-production-ready dependencies.,NFR,Reliability
The system's code should be organized in a way that a new developer can understand the overall structure and locate the code for a specific feature within their first day.,New Developer,Understand the codebase structure quickly,To reduce the learning curve and make it easier to start contributing.,NFR,Reliability
The system must have a process for developers to easily run a single test or a specific group of tests related to the code they are working on.,Developer,Run relevant tests quickly,To speed up the test-driven development cycle.,NFR,Reliability
"The system must have a clear separation between its application logic and its data access logic (e.g., using a repository pattern).",Architect,Separate application and data logic,To improve testability,NFR,Reliability
The system must have a process for regularly reviewing its logging and monitoring dashboards to ensure they are still relevant and effective.,Operations Engineer,Maintain relevant monitoring dashboards,To avoid alert fatigue and ensure that the monitoring system provides actionable insights.,NFR,Reliability
The system must not have any code that is commented out; it should be removed and can be found in version control history if needed.,Developer,Maintain a clean codebase,To improve readability and avoid confusion about why the code is there.,NFR,Reliability
The system's API responses must follow a consistent and predictable structure across all endpoints.,Developer,Consume the API predictably,To make it easier for client-side developers to write code that interacts with the API.,NFR,Reliability
The system must have a process for ensuring that all new code is peer-reviewed by at least one other developer.,Tech Lead,Ensure code quality and knowledge sharing,To improve the quality of the code and spread knowledge about the codebase among the team.,NFR,Reliability
The system must have a process for developers to request and receive feedback on their code and designs.,Developer,Get feedback on my work,To foster a culture of continuous improvement and collaborative design.,NFR,Reliability
The system must have a clear and documented process for handling breaking changes in its API.,Developer,Handle API breaking changes gracefully,To minimize the impact on API consumers and provide a clear upgrade path.,NFR,Reliability
The system's configuration should be schema-validated on startup to catch errors early.,Operations Engineer,Validate configuration on startup,To prevent the application from starting with an invalid or incomplete configuration.,NFR,Reliability
The system must have a process for tracking and prioritizing technical debt items.,Tech Lead,Manage technical debt effectively,To ensure that technical debt is addressed proactively and does not grow out of control.,NFR,Reliability
The system must be designed in a way that allows for A/B testing of new features.,Product Manager,A/B test new features,To make data-driven decisions about which features to release to all users.,NFR,Reliability
The system's automated tests must be independent and able to run in any order.,Developer,Run tests in any order,To ensure that the test suite is reliable and not dependent on the state left by a previous test.,NFR,Reliability
The system must have a process for developers to access sanitized production data in a development environment for realistic testing.,Developer,Test with realistic data,To catch bugs that may only appear with production-like data volumes and variety.,NFR,Reliability
The system's code must not have any linter warnings or errors.,Developer,Maintain a high standard of code quality,To enforce coding standards and catch potential bugs automatically.,NFR,Reliability
The system must have a process for developers to easily create a new service or module using a pre-defined template.,Developer,Create new services quickly and consistently,To speed up development and ensure that new components follow the established architecture.,NFR,Reliability
The system must have a process for documenting and communicating its release schedule to all stakeholders.,Product Manager,Communicate the release schedule,To keep everyone informed about when new features will be available.,NFR,Reliability
"The system's core data models must be clearly documented, including the meaning of each field and its relationships to other models.",Developer,Understand the data model,To ensure that data is used correctly and consistently throughout the application.,NFR,Reliability
"The system must have a process for developers to experiment with new technologies and ideas in a safe and controlled environment (e.g., during hackathons or innovation days).",Developer,Experiment with new technologies,To foster innovation and allow the team to stay up-to-date with industry trends.,NFR,Reliability
The system must have a process for ensuring that all new dependencies are approved by a tech lead before being added to the project.,Tech Lead,Control the addition of new dependencies,To prevent the introduction of unvetted or problematic libraries into the codebase.,NFR,Reliability
The system's automated tests must not rely on external services being available.,Developer,Run tests without external dependencies,To ensure that the test suite is reliable and can be run anywhere,NFR,Reliability
The system must have a process for developers to easily share their local development environment with other developers for pair programming or debugging.,Developer,Share my development environment,To facilitate collaboration and make it easier to troubleshoot issues together.,NFR,Reliability
The system must have a process for developers to get a rapid and automated security scan of their code before merging.,Developer,Get automated security feedback,To catch common security vulnerabilities early in the development cycle.,NFR,Reliability
"The system's code must have a clear and consistent naming convention for branches, variables, functions, and classes.",Developer,Read and navigate the code easily,To improve the readability and maintainability of the codebase.,NFR,Reliability
The system must have a process for developers to easily access and search application logs from all environments.,Developer,Access and search logs easily,To facilitate debugging and troubleshooting of issues in different environments.,NFR,Reliability
The system must have a process for ensuring that all new features have corresponding documentation before they are released.,Technical Writer,Ensure features are documented,To provide users with the information they need to use new functionality.,NFR,Reliability
"The system's code must be organized in a way that minimizes the ""blast radius"" of changes, so a change in one module is unlikely to have unintended consequences in another.",Architect,Minimize the impact of changes,To make the system safer and easier to modify over time.,NFR,Reliability
The system must have a process for developers to easily create and run performance tests for their code.,Developer,Run performance tests easily,To identify and fix performance regressions before they reach production.,NFR,Reliability
"The system must have a process for developers to get feedback from users on new features before they are fully developed (e.g., through prototypes or user testing).",UX Designer,Get user feedback early,To ensure that the features being built meet user needs and are easy to use.,NFR,Reliability
The system must have a process for regularly reviewing and updating the project's README file to ensure it is accurate and helpful for new developers.,Tech Lead,Maintain a helpful README,To provide a clear and concise entry point for anyone new to the project.,NFR,Reliability
The system must have a process for developers to easily create a new database and populate it with seed data for testing.,Developer,Create and seed a test database easily,To speed up the setup process for testing new features.,NFR,Reliability
The system must have a process for developers to easily debug a running process in a production-like environment.,Developer,Debug in a production-like environment,To reproduce and fix bugs that only appear under specific production conditions.,NFR,Reliability
The system must have a process for ensuring that all public-facing API changes are communicated to consumers in advance.,API Product Manager,Communicate API changes,To give consumers time to adapt to changes and prevent breaking their integrations.,NFR,Reliability
The system's code must not rely on any specific developer's personal machine configuration.,Developer,Have a consistent development environment,To ensure that the code works the same for everyone on the team.,NFR,Reliability
The system's password history policy must prevent users from reusing their last 5 passwords.,System,Enforce a password history policy,To prevent users from cycling through a small set of familiar passwords.,NFR,Security
"The system must use a unique, randomly generated salt for each user's password hash.",System,Salt all password hashes,To protect against rainbow table attacks.,NFR,Security
The system must perform integrity checks on critical application files to detect unauthorized modifications.,System,Perform file integrity checks,To identify potential malware or tampering with the application's source code.,NFR,Security
The system must use certificate pinning for its mobile applications.,Mobile App,Use certificate pinning,To protect against man-in-the-middle attacks that use fraudulent SSL certificates.,NFR,Security
"The system must enforce a security policy that requires all employees to use strong, unique passwords and 2FA for all internal systems.",System,Enforce internal security policies,To protect the development and operational environment from compromise.,NFR,Security
The system shall provide an audit log that is immutable and protected from tampering.,System,Provide an immutable audit log,To ensure that security records are reliable and cannot be altered by an attacker.,NFR,Security
The system must have controls to prevent XML External Entity (XXE) injection attacks when parsing XML data.,System,Prevent XXE attacks,To protect against attacks that can lead to information disclosure or server-side request forgery.,NFR,Security
"The system must have a security policy for the use of third-party APIs, including rate limiting and monitoring.",System,Have a third-party API security policy,To protect the application from security risks introduced by external services.,NFR,Security
The system shall not display user-provided content without proper sanitization to prevent stored XSS attacks.,System,Sanitize all user-provided content,To ensure that malicious scripts entered by one user are not executed by another user's browser.,NFR,Security
"The system must be designed to fail securely, meaning that if a security control fails, it defaults to a secure state (e.g., denying access).",System,Fail securely,To prevent failures from creating security vulnerabilities.,NFR,Security
The system must have a mechanism to revoke access for a user or an API key immediately.,System,Support immediate access revocation,To quickly respond to a compromise of credentials.,NFR,Security
"The system shall not use hardcoded credentials, API keys, or other secrets in its source code.",System,Avoid hardcoded secrets,To prevent sensitive information from being exposed in the source code repository.,NFR,Security
"The system must have a process for securely deleting user data upon request, in compliance with privacy regulations.",System,Securely delete user data,To ensure that data is permanently removed and cannot be recovered.,NFR,Security
The system shall use DNSSEC to protect against DNS spoofing attacks.,System,Use DNSSEC,To ensure that users are connecting to the authentic server and not a malicious one.,NFR,Security
The system must be designed to be resilient against denial-of-service (DoS) attacks.,System,Be resilient to DoS attacks,To maintain availability for legitimate users during an attack.,NFR,Security
The system's security architecture must be reviewed and approved by a security team before implementation.,System,Review security architecture,To ensure that security is designed into the system from the beginning.,NFR,Security
The system must have a security awareness training program for all developers and operations staff.,System,Provide security awareness training,To reduce the risk of human error leading to security vulnerabilities.,NFR,Security
The system shall use a web application firewall (WAF) to protect against common web-based attacks.,System,Use a web application firewall,To provide an additional layer of defense for the application.,NFR,Security
The system must have a policy for the secure disposal of obsolete hardware and media.,System,Have a secure disposal policy,To prevent sensitive data from being recovered from discarded equipment.,NFR,Security
"The system shall use a secrets management solution (e.g., HashiCorp Vault, AWS Secrets Manager) to manage and rotate secrets.",System,Use a secrets management solution,To centralize and secure the handling of sensitive credentials.,NFR,Security
The system must be designed to minimize its attack surface by exposing only necessary services and ports.,System,Minimize the attack surface,To reduce the number of potential entry points for an attacker.,NFR,Security
The system shall use a sandbox environment for running potentially untrusted code or processing untrusted data.,System,Use a sandbox for untrusted code,To isolate potentially malicious operations and protect the host system.,NFR,Security
"The system must have a security policy for remote access, requiring VPN and multi-factor authentication.",System,Have a secure remote access policy,To protect the internal network from unauthorized access.,NFR,Security
The system's mobile application must use code obfuscation to make it more difficult to reverse engineer.,Mobile App,Use code obfuscation,To protect intellectual property and deter attackers from discovering vulnerabilities.,NFR,Security
The system must have a security policy for the use of personal devices (BYOD) for work purposes.,System,Have a BYOD security policy,To manage the security risks associated with employees using their own devices.,NFR,Security
The system shall use a content delivery network (CDN) that provides DDoS mitigation services.,System,Use a CDN with DDoS mitigation,To improve performance and protect against large-scale denial-of-service attacks.,NFR,Security
"The system must have a security policy for the use of open-source software, including a process for approving and monitoring its use.",System,Have an open-source software security policy,To manage the security risks associated with using open-source components.,NFR,Security
The system shall use a network intrusion detection system (NIDS) to monitor for malicious network activity.,System,Use a network intrusion detection system,To detect and alert on potential security threats at the network level.,NFR,Security
The system must have a security policy for physical access to its data centers and servers.,System,Have a physical security policy,To protect the hardware and infrastructure from unauthorized physical access.,NFR,Security
"The application must be optimized for mobile devices, with page load times under 3 seconds on a standard 4G connection.",System,Optimize for mobile performance,To provide a good experience for the growing number of users on smartphones and tablets.,NFR,Performance
The system should be able to handle sudden spikes in traffic of up to 3 times the normal load for at least 10 minutes without failing.,System,Handle sudden traffic spikes,To remain stable during marketing campaigns,NFR,Performance
"The system's resource consumption (CPU, memory) should scale linearly with the number of active users, not exponentially.",System,Scale resources linearly,To ensure predictable performance and cost as the user base grows.,NFR,Performance
"The system must use a Content Delivery Network (CDN) to serve all static assets like images, CSS, and JavaScript files.",System,Use a CDN for static assets,To reduce latency for users around the world and decrease load on the origin server.,NFR,Performance
The system's database must be indexed appropriately to ensure that 99% of read queries are efficient.,System,Index the database properly,To prevent slow queries and maintain application responsiveness.,NFR,Performance
The application should use HTTP/2 or HTTP/3 to enable multiplexing and reduce latency.,System,Use a modern HTTP protocol,To improve page load times by allowing parallel requests over a single connection.,NFR,Performance
"The system must compress text-based assets (e.g., HTML, CSS, JS) using Gzip or Brotli before sending them to the client.",System,Compress text-based assets,To reduce file sizes and decrease download times for users.,NFR,Performance
The application must not have any single database query that takes longer than 1 second to execute during normal operation.,System,Avoid long-running database queries,To prevent a single slow query from impacting the performance of the entire application.,NFR,Performance
The system should be able to render the 'above-the-fold' content of the main page in under 1.,seconds.,System,Render above-the-fold content quickly,NFR,Performance
The system's client-side rendering should not cause the user's device to have a CPU usage of over 80% for more than 2 seconds.,System,Be efficient on the client-side,To avoid draining the battery and making the user's device feel sluggish.,NFR,Performance
"The system must have performance monitoring in place to track key metrics like response time, throughput, and error rate.",System,Monitor key performance metrics,To proactively identify and address performance issues before they impact a large number of users.,NFR,Performance
The application's code should be profiled to identify and optimize performance bottlenecks.,Developer,Profile and optimize code,To ensure that the application is running as efficiently as possible.,NFR,Performance
The system must be able to handle a 20% increase in data volume over 6 months without a noticeable degradation in query performance.,System,Scale with growing data volume,To ensure the application remains performant as more data is added.,NFR,Performance
The system should use connection pooling to manage database connections.,System,Use database connection pooling,To reduce the overhead of establishing database connections and improve performance.,NFR,Performance
The application must not make blocking calls on the main thread in the client-side code.,Developer,Avoid blocking the main UI thread,To keep the user interface responsive and prevent it from freezing.,NFR,Performance
The system should use a background worker process for long-running tasks to avoid blocking web requests.,System,Use background workers for long tasks,To ensure that the application remains responsive to users while processing intensive jobs.,NFR,Performance
"The application's images should be optimized for the web, using appropriate formats and compression.",System,Optimize images for the web,To reduce page load times and conserve bandwidth.,NFR,Performance
The system should use 'critical CSS' to inline the CSS needed for above-the-fold content and load the rest asynchronously.,System,Use critical CSS,To improve the perceived performance of the page by rendering the visible part faster.,NFR,Performance
The application's third-party JavaScript libraries should be loaded asynchronously to avoid blocking page rendering.,System,Load third-party scripts asynchronously,To prevent external services from slowing down the initial load of the application.,NFR,Performance
The system must be able to complete the end-of-day financial reconciliation batch job within 2 hours.,System,Complete batch jobs within a time window,To ensure that business-critical offline processes are finished on schedule.,NFR,Performance
The system must provide an alert if a production API key is detected in a public code repository scan.,Security Team,Be alerted to leaked secrets,To immediately revoke compromised credentials and prevent unauthorized access.,NFR,Security
The application's container images must be scanned for known vulnerabilities (CVEs) before being deployed to production.,System,Prevent deployment of vulnerable containers,To reduce the attack surface by ensuring no known exploits are in the running software.,NFR,Security
The system must use the principle of least privilege for its database access roles.,System,Minimize database permissions,To ensure that a compromised application service cannot perform unauthorized database actions like dropping tables.,NFR,Security
"All sensitive data, such as tax identification numbers, must be encrypted at the application layer before being stored in the database.",System,Encrypt sensitive data at the application layer,To protect data even if the database itself is compromised (e.g.,NFR,Security
The system must be protected against Server-Side Request Forgery (SSRF) attacks by validating and restricting all URLs fetched by the server.,System,Prevent SSRF attacks,To stop attackers from forcing the server to make requests to internal,NFR,Security
The system's software bill of materials (SBOM) must be generated with every build.,Developer,Maintain an SBOM,To provide a clear inventory of all software components and dependencies for vulnerability management.,NFR,Security
The system must have a security policy that forbids the use of insecure communication protocols like FTP or Telnet for any internal or external data transfer.,System,Forbid insecure protocols,To ensure all data in transit is encrypted and protected from eavesdropping.,NFR,Security
The initial server response time (cold start) for a serverless function must be under 800ms for 95% of invocations.,System,Ensure fast serverless cold starts,To provide a responsive user experience even when the application is scaling from zero.,NFR,Performance
The application's client-side animations and transitions must maintain a frame rate of at least 50 frames per second (FPS).,User,Experience smooth animations,To provide a fluid and high-quality visual experience without stuttering or jank.,NFR,Performance
The system's database read replicas must have a replication lag of no more than 1 second.,System,Minimize database replication lag,To ensure that users reading from replicas see up-to-date information.,NFR,Performance
The application's caching strategy must include a mechanism to proactively warm the cache after a deployment.,System,Warm the cache after deployments,To prevent a performance degradation for the first users who access the system after a release.,NFR,Performance
The system's API must support conditional requests using ETags to reduce bandwidth and server load.,API Consumer,Make conditional API requests,To allow clients to avoid re-downloading data that has not changed.,NFR,Performance
The application's web pages must achieve a Google Lighthouse performance score of 90 or higher.,Developer,Achieve a high Lighthouse score,To ensure the application follows modern performance best practices.,NFR,Performance
"The system must be able to handle a 10x spike in traffic for a short duration (e.g., 5 minutes) without response times degrading by more than 50%.",System,Survive a flash crowd event,To remain performant during sudden,NFR,Performance
"The cognitive load on the user for completing the main task on a page must be low, with no more than 5-7 distinct choices or actions required at any one time.",User,Complete a task with minimal mental effort,To make the application easy to use and reduce the likelihood of user errors.,NFR,Usability
The application must be fully navigable and operable using only a keyboard.,User with motor disabilities,Operate the application with a keyboard,To ensure accessibility for users who cannot use a mouse.,NFR,Usability
The task completion rate for the five primary user journeys must be at least 85% during moderated usability testing.,User,Successfully complete primary tasks,To validate that the application's design is effective and intuitive.,NFR,Usability
The application's color palette must be tested against common forms of color blindness to ensure all information is distinguishable.,User with color blindness,Distinguish all UI elements,To ensure the application is accessible and usable for users with color vision deficiencies.,NFR,Usability
The application must provide a 'skip to main content' link for screen reader and keyboard-only users.,Screen reader user,Navigate to the main content quickly,To allow users of assistive technologies to bypass repetitive navigation links.,NFR,Usability
"The system shall provide a user satisfaction score (CSAT) survey, and the score must remain above 80%.",User,Be satisfied with the application,To measure and track overall user happiness with the product.,NFR,Usability
The application's iconography must be culturally neutral and easily understandable by a global audience.,International User,Understand icons without cultural bias,To ensure the UI is effective for users from different backgrounds and regions.,NFR,Usability
The system must have a transactional outbox pattern for critical events to ensure reliable message delivery to other microservices.,System,Guarantee reliable message delivery,To prevent data inconsistencies between services if a message broker is temporarily unavailable.,NFR,Reliability
The system's circuit breakers for external API calls must open after 3 consecutive failures and remain open for 60 seconds before retrying.,System,Prevent cascading failures reliably,To quickly isolate failing external dependencies and allow them time to recover.,NFR,Reliability
"The system must perform data validation at multiple layers (client, API gateway, service) to ensure data integrity.",System,Ensure robust data validation,To build a resilient system that is protected against corrupted data from any source.,NFR,Reliability
The system's background jobs must have an automatic retry mechanism with exponential backoff for transient failures.,System,Retry failed jobs automatically,To improve the resilience of asynchronous tasks against temporary issues like network blips.,NFR,Reliability
The system must have a process for regularly validating the integrity of its database backups by performing trial restores.,Operations Team,Ensure backups are valid and restorable,To guarantee that data can be recovered successfully in a real disaster scenario.,NFR,Reliability
The application must not lose any user data in the event of an unplanned server shutdown.,System,Prevent data loss on shutdown,To ensure the durability and reliability of user-submitted information.,NFR,Reliability
"The system must be designed to degrade gracefully; if a recommendation engine fails, the user should still be able to use all other core e-commerce functions.",User,Continue using the site if a non-critical part fails,To ensure the failure of a secondary feature does not impact the primary user journey.,NFR,Reliability
The system must have a documented and tested process for failing over to a multi-region disaster recovery site.,Operations Team,Have a reliable multi-region failover plan,To ensure business continuity in the event of a regional cloud provider outage.,NFR,Availability
The system's Recovery Point Objective (RPO) must be 15 minutes or less.,System,Minimize data loss in a disaster,To ensure that no more than 15 minutes of data can be lost in a worst-case failure scenario.,NFR,Availability
The system's Recovery Time Objective (RTO) must be 1 hour or less.,System,Restore service quickly after a disaster,To ensure that the application is back online and available to users within one hour of a major failure.,NFR,Availability
"The system must have a process for automatically remediating common availability issues, such as restarting a failed service.",System,Heal from common failures automatically,To improve availability and reduce the need for manual intervention by the on-call team.,NFR,Availability
The application must be able to run in an active/active multi-region configuration.,System,Run in an active/active multi-region setup,To provide the highest level of availability and resilience against regional outages.,NFR,Availability
The system's availability metrics must be displayed on a real-time dashboard accessible to the entire engineering team.,Developer,View real-time availability metrics,To foster a culture of ownership and awareness around system reliability.,NFR,Availability
The application's critical third-party dependencies must have a service level agreement (SLA) of at least 99.,%.,System,Use reliable third-party dependencies,NFR,Availability
The system's Infrastructure as Code (IaC) templates must be linted and validated automatically in the CI/CD pipeline.,Developer,Write high-quality IaC,To prevent syntax errors and misconfigurations in infrastructure code from causing deployment failures.,NFR,Maintainability
"The system's code must have a code churn metric below 20% for its core modules, indicating stability.",Tech Lead,Maintain stable core modules,To identify areas of the codebase that are excessively complex or difficult to change.,NFR,Maintainability
"The application's public API contract must be versioned, and a deprecation policy must be in place for older versions.",API Product Manager,Manage the API lifecycle,To allow the API to evolve over time without breaking existing client integrations unexpectedly.,NFR,Maintainability
The system must have a process for developers to create and share reusable code libraries within the organization.,Developer,Share and reuse code,To reduce duplicated effort,NFR,Maintainability
"The system must have a ""single-click"" process for a developer to deploy their changes to a personal staging environment for testing.",Developer,Test changes in a personal staging environment,To enable thorough testing of new features without interfering with other developers.,NFR,Maintainability
"The system must use a dependency analysis tool (e.g., Dependabot, Snyk) to automatically detect and create pull requests for outdated or vulnerable dependencies.",Developer,Keep dependencies updated automatically,To simplify the process of maintaining a secure and up-to-date technology stack.,NFR,Maintainability
The system's release notes must be generated automatically from the version control history.,Release Manager,Generate release notes automatically,To ensure that all changes in a new release are accurately and efficiently documented.,NFR,Maintainability
"The application must be able to be compiled and run using open-source tools (e.g., OpenJDK instead of Oracle JDK).",Developer,Use open-source build tools,To avoid vendor lock-in and ensure the portability of the development and build process.,NFR,Portability
"The application must be able to be deployed to different container orchestration platforms, such as Kubernetes and Amazon ECS.",DevOps Engineer,Deploy to different container orchestrators,To provide flexibility in the choice of production environment and avoid vendor lock-in.,NFR,Portability
"The system must be compatible with browser extensions that provide accessibility features, such as screen readers or high-contrast modes.",User with disabilities,Use accessibility extensions,To ensure the application works well with users' preferred assistive technologies.,NFR,Portability
"The system must be able to provide a full data export for a user in a machine-readable format (e.g., JSON) to comply with data portability regulations like GDPR.",User,Export all of my data,To give users control over their personal information and comply with privacy laws.,NFR,Portability
"The application must be able to be run on different Linux distributions (e.g., Ubuntu, CentOS) with minimal configuration changes.",System Administrator,Run on different Linux distributions,To support a variety of enterprise and cloud server environments.,NFR,Portability
"The system's event streams (e.g., from Kafka or Kinesis) must use a platform-agnostic data format like Avro or Protobuf.",Data Engineer,Consume event streams from any language,To ensure that different microservices written in different languages can reliably communicate.,NFR,Portability
The application must not rely on any platform-specific file system notifications for its core functionality.,Developer,Avoid platform-specific file system APIs,To ensure the application behaves consistently across different operating systems.,NFR,Portability
